-- MySQL dump 10.13  Distrib 5.5.43, for debian-linux-gnu (x86_64)
--
-- Host: localhost    Database: newsmetro
-- ------------------------------------------------------
-- Server version	5.5.43-0ubuntu0.12.04.1

/*!40101 SET @OLD_CHARACTER_SET_CLIENT=@@CHARACTER_SET_CLIENT */;
/*!40101 SET @OLD_CHARACTER_SET_RESULTS=@@CHARACTER_SET_RESULTS */;
/*!40101 SET @OLD_COLLATION_CONNECTION=@@COLLATION_CONNECTION */;
/*!40101 SET NAMES utf8 */;
/*!40103 SET @OLD_TIME_ZONE=@@TIME_ZONE */;
/*!40103 SET TIME_ZONE='+00:00' */;
/*!40014 SET @OLD_UNIQUE_CHECKS=@@UNIQUE_CHECKS, UNIQUE_CHECKS=0 */;
/*!40014 SET @OLD_FOREIGN_KEY_CHECKS=@@FOREIGN_KEY_CHECKS, FOREIGN_KEY_CHECKS=0 */;
/*!40101 SET @OLD_SQL_MODE=@@SQL_MODE, SQL_MODE='NO_AUTO_VALUE_ON_ZERO' */;
/*!40111 SET @OLD_SQL_NOTES=@@SQL_NOTES, SQL_NOTES=0 */;

--
-- Table structure for table `menu_item`
--

DROP TABLE IF EXISTS `menu_item`;
/*!40101 SET @saved_cs_client     = @@character_set_client */;
/*!40101 SET character_set_client = utf8 */;
CREATE TABLE `menu_item` (
  `id` int(11) NOT NULL AUTO_INCREMENT,
  `system_menu_id` int(11) NOT NULL,
  `name` varchar(45) DEFAULT NULL,
  `url` varchar(512) DEFAULT NULL,
  `index` int(11) DEFAULT NULL,
  PRIMARY KEY (`id`),
  UNIQUE KEY `id_UNIQUE` (`id`),
  KEY `fk_menu_item_system_menu1` (`system_menu_id`)
) ENGINE=InnoDB DEFAULT CHARSET=utf8;
/*!40101 SET character_set_client = @saved_cs_client */;

--
-- Dumping data for table `menu_item`
--

LOCK TABLES `menu_item` WRITE;
/*!40000 ALTER TABLE `menu_item` DISABLE KEYS */;
/*!40000 ALTER TABLE `menu_item` ENABLE KEYS */;
UNLOCK TABLES;

--
-- Table structure for table `system_menu`
--

DROP TABLE IF EXISTS `system_menu`;
/*!40101 SET @saved_cs_client     = @@character_set_client */;
/*!40101 SET character_set_client = utf8 */;
CREATE TABLE `system_menu` (
  `id` int(11) NOT NULL AUTO_INCREMENT,
  `name` varchar(45) DEFAULT NULL,
  PRIMARY KEY (`id`),
  UNIQUE KEY `id_UNIQUE` (`id`)
) ENGINE=InnoDB AUTO_INCREMENT=3 DEFAULT CHARSET=utf8;
/*!40101 SET character_set_client = @saved_cs_client */;

--
-- Dumping data for table `system_menu`
--

LOCK TABLES `system_menu` WRITE;
/*!40000 ALTER TABLE `system_menu` DISABLE KEYS */;
INSERT INTO `system_menu` VALUES (1,'个人档'),(2,'新闻中心');
/*!40000 ALTER TABLE `system_menu` ENABLE KEYS */;
UNLOCK TABLES;

--
-- Table structure for table `target_group`
--

DROP TABLE IF EXISTS `target_group`;
/*!40101 SET @saved_cs_client     = @@character_set_client */;
/*!40101 SET character_set_client = utf8 */;
CREATE TABLE `target_group` (
  `id` bigint(20) NOT NULL AUTO_INCREMENT,
  `user_id` bigint(20) NOT NULL,
  `name` varchar(32) NOT NULL,
  `position` int(11) NOT NULL COMMENT '排序序号',
  `status` int(11) NOT NULL COMMENT '1.正常 2.隐藏',
  `description` varchar(64) DEFAULT NULL COMMENT '描述',
  `create_time` bigint(20) NOT NULL,
  PRIMARY KEY (`id`),
  KEY `idx_user_id` (`user_id`),
  KEY `idx_position` (`position`),
  KEY `idx_status` (`status`),
  KEY `idx_create_time` (`create_time`)
) ENGINE=InnoDB AUTO_INCREMENT=7 DEFAULT CHARSET=utf8;
/*!40101 SET character_set_client = @saved_cs_client */;

--
-- Dumping data for table `target_group`
--

LOCK TABLES `target_group` WRITE;
/*!40000 ALTER TABLE `target_group` DISABLE KEYS */;
INSERT INTO `target_group` VALUES (4,4,'新闻',5,1,'',1434619281642),(5,4,'dota',3,1,'',1435134780511),(6,4,'IT业界',4,1,'',1435134823166);
/*!40000 ALTER TABLE `target_group` ENABLE KEYS */;
UNLOCK TABLES;

--
-- Table structure for table `target_group_rel`
--

DROP TABLE IF EXISTS `target_group_rel`;
/*!40101 SET @saved_cs_client     = @@character_set_client */;
/*!40101 SET character_set_client = utf8 */;
CREATE TABLE `target_group_rel` (
  `id` bigint(20) NOT NULL AUTO_INCREMENT,
  `target_id` bigint(20) NOT NULL,
  `target_group_id` bigint(20) NOT NULL,
  `position` int(11) NOT NULL COMMENT '排序序号',
  `create_time` bigint(20) NOT NULL,
  PRIMARY KEY (`id`),
  UNIQUE KEY `idx_uq_target_group_id` (`target_id`,`target_group_id`),
  KEY `idx_target_id` (`target_id`),
  KEY `idx_group_id` (`target_group_id`),
  KEY `idx_position` (`position`),
  KEY `idx_create_time` (`create_time`)
) ENGINE=InnoDB AUTO_INCREMENT=17 DEFAULT CHARSET=utf8;
/*!40101 SET character_set_client = @saved_cs_client */;

--
-- Dumping data for table `target_group_rel`
--

LOCK TABLES `target_group_rel` WRITE;
/*!40000 ALTER TABLE `target_group_rel` DISABLE KEYS */;
INSERT INTO `target_group_rel` VALUES (3,5,4,0,1434630372269),(4,8,4,1,1434631007346),(10,30,4,4,1435134584211),(11,31,5,0,1435134793018),(12,34,5,1,1435134797896),(13,11,6,0,1435134837137),(14,35,6,1,1435134846447),(15,13,4,3,1435134858325),(16,15,6,2,1435134891840);
/*!40000 ALTER TABLE `target_group_rel` ENABLE KEYS */;
UNLOCK TABLES;

--
-- Table structure for table `target_mapping`
--

DROP TABLE IF EXISTS `target_mapping`;
/*!40101 SET @saved_cs_client     = @@character_set_client */;
/*!40101 SET character_set_client = utf8 */;
CREATE TABLE `target_mapping` (
  `id` bigint(11) NOT NULL AUTO_INCREMENT,
  `target_id` bigint(11) NOT NULL,
  `items` text,
  `md5` varchar(32) DEFAULT NULL,
  `update_time` timestamp NOT NULL DEFAULT CURRENT_TIMESTAMP ON UPDATE CURRENT_TIMESTAMP,
  PRIMARY KEY (`id`),
  UNIQUE KEY `id_unique` (`id`),
  UNIQUE KEY `un_idx_target_id` (`target_id`)
) ENGINE=MyISAM AUTO_INCREMENT=40 DEFAULT CHARSET=utf8;
/*!40101 SET character_set_client = @saved_cs_client */;

--
-- Dumping data for table `target_mapping`
--

LOCK TABLES `target_mapping` WRITE;
/*!40000 ALTER TABLE `target_mapping` DISABLE KEYS */;
INSERT INTO `target_mapping` VALUES (1,3,'[{\"text\":\"习近平与奥巴马通电话谈9月访美及伊核问题\",\"href\":\"http://news.sina.com.cn/c/2015-07-21/103932130683.shtml\"},{\"text\":\"李克强推国际产能合作：升级版中国走出去\",\"href\":\"http://news.sina.com.cn/c/2015-07-20/192032127797.shtml\"},{\"text\":\"正征民意：中国高速公路拟将长期收费\",\"href\":\"http://news.sina.com.cn/c/2015-07-21/103832130605.shtml\"},{\"text\":\"交通部:一些条例已不适应需要\",\"href\":\"http://news.sina.com.cn/c/2015-07-21/104732130670.shtml\"},{\"text\":\"令计划被开除党籍公职\",\"href\":\"http://news.sina.com.cn/c/2015-07-20/220132128063.shtml\"},{\"text\":\"涉嫌受贿罪被逮捕\",\"href\":\"http://news.sina.com.cn/c/2015-07-20/220932128076.shtml\"},{\"text\":\"人民日报头版评论\",\"href\":\"http://news.sina.com.cn/c/2015-07-21/072832130000.shtml\"},{\"text\":\"环球时报:野心和私欲膨胀断送了令计划\",\"href\":\"http://news.sina.com.cn/pl/2015-07-21/073632129972.shtml\"},{\"text\":\"国平\",\"href\":\"http://news.sina.com.cn/c/2015-07-20/232332128136.shtml\"},{\"text\":\"沉湖死者遇害前多次称王林马上会被抓\",\"href\":\"http://news.sina.com.cn/c/z/wlbdc2015/\"},{\"text\":\"王林今早见律师状态良好\",\"href\":\"http://news.sina.com.cn/c/2015-07-21/110532130696.shtml\"},{\"text\":\"死者前妻:很多一线明星曾为王捧场\",\"href\":\"http://news.sina.com.cn/c/2015-07-20/211532128007.shtml\"}]','0cca4de6e014fb07254e2e4e75db5a47','2015-07-17 10:30:03'),(2,4,']','0fbd1776e1ad22c59a7080d35c7fd4db','2015-07-17 10:30:03'),(3,5,'[{\"text\":\"习近平与奥巴马通电话谈9月访美及伊核问题\",\"href\":\"http://news.sina.com.cn/c/2015-07-21/103932130683.shtml\"},{\"text\":\"李克强推国际产能合作：升级版中国走出去\",\"href\":\"http://news.sina.com.cn/c/2015-07-20/192032127797.shtml\"},{\"text\":\"正征民意：中国高速公路拟将长期收费\",\"href\":\"http://news.sina.com.cn/c/2015-07-21/103832130605.shtml\"},{\"text\":\"交通部:一些条例已不适应需要\",\"href\":\"http://news.sina.com.cn/c/2015-07-21/104732130670.shtml\"},{\"text\":\"令计划被开除党籍公职\",\"href\":\"http://news.sina.com.cn/c/2015-07-20/220132128063.shtml\"},{\"text\":\"涉嫌受贿罪被逮捕\",\"href\":\"http://news.sina.com.cn/c/2015-07-20/220932128076.shtml\"},{\"text\":\"人民日报头版评论\",\"href\":\"http://news.sina.com.cn/c/2015-07-21/072832130000.shtml\"},{\"text\":\"环球时报:野心和私欲膨胀断送了令计划\",\"href\":\"http://news.sina.com.cn/pl/2015-07-21/073632129972.shtml\"},{\"text\":\"国平\",\"href\":\"http://news.sina.com.cn/c/2015-07-20/232332128136.shtml\"},{\"text\":\"沉湖死者遇害前多次称王林马上会被抓\",\"href\":\"http://news.sina.com.cn/c/z/wlbdc2015/\"},{\"text\":\"王林今早见律师状态良好\",\"href\":\"http://news.sina.com.cn/c/2015-07-21/110532130696.shtml\"},{\"text\":\"死者前妻:很多一线明星曾为王捧场\",\"href\":\"http://news.sina.com.cn/c/2015-07-20/211532128007.shtml\"}]','0cca4de6e014fb07254e2e4e75db5a47','2015-07-17 10:30:03'),(4,8,'[{\"text\":\"中国海军新晋升11名少将 参谋长邱延鹏升中将\",\"href\":\"http://mil.news.sina.com.cn/2015-07-21/1021835498.html\"},{\"text\":\"股市暴跌居民财富缩水6.8万亿 中产最受伤\",\"href\":\"http://news.sina.com.cn/c/2015-07-21/100232130447.shtml\"},{\"text\":\"超期冻肉调查：中国对冻肉存储期限无强制法规\",\"href\":\"http://news.sina.com.cn/c/2015-07-21/023932128684.shtml\"},{\"text\":\"金砖国家新开发银行今日开业\",\"href\":\"http://news.sina.com.cn/c/2015-07-21/090832130297.shtml\"},{\"text\":\"上海回应国人赴韩考驾照:无韩登陆证不再换证\",\"href\":\"http://news.sina.com.cn/c/2015-07-21/052032128938.shtml\"},{\"text\":\"深圳海关官员移情别恋被小三举报 昨日受审\",\"href\":\"http://news.sina.com.cn/c/2015-07-21/045532128858.shtml\"},{\"text\":\"上海统计局辟谣沪人口达7千万:工作疏漏致误读\",\"href\":\"http://news.sina.com.cn/c/2015-07-21/040932128794.shtml\"},{\"text\":\"广州开展群租房整治复查工作 清查三非外国人\",\"href\":\"http://news.sina.com.cn/c/2015-07-21/033732128725.shtml\"},{\"text\":\"国内油价今日或将迎三连跌\",\"href\":\"http://news.sina.com.cn/c/2015-07-21/023932128685.shtml\"},{\"text\":\"32件秦人文物回归甘肃故里 仍有81件待追回\",\"href\":\"http://news.sina.com.cn/c/2015-07-21/013032128429.shtml\"},{\"text\":\"国家旅游局十三五期间将安排3.5亿元支持新疆\",\"href\":\"http://news.sina.com.cn/c/2015-07-21/013032128385.shtml\"},{\"text\":\"最高检：对争议较大案件释法说理\",\"href\":\"http://news.sina.com.cn/c/2015-07-21/005932128357.shtml\"},{\"text\":\"俄媒：中国游客在俄一掷千金年花费超10亿美元\",\"href\":\"http://news.sina.com.cn/c/2015-07-21/005632128186.shtml\"}]','f7e9c7630c3aa3c1a2c00fb87a963752','2015-07-17 10:30:03'),(5,10,'[{\"text\":\"[史海钩沉]60年前迪斯尼乐园的盛大开幕式\",\"href\":\"http://jandan.net/2015/07/21/disneyland-opening.html\"},{\"text\":\"偷乘飞机坠机的可能性有多大？\",\"href\":\"http://jandan.net/2015/07/21/stowaways-fall.html\"},{\"text\":\"加纳寡妇悲惨现状：被迫与丈夫尸体同眠\",\"href\":\"http://jandan.net/2015/07/21/ghanas-widows.html\"},{\"text\":\"十大成功刻画人工智能的电影\",\"href\":\"http://jandan.net/2015/07/21/artificial-intelligence-movies.html\"},{\"text\":\"很甜很美味：脑袋棒糖\",\"href\":\"http://jandan.net/2015/07/21/head-chocolate.html\"},{\"text\":\"患癌症的四岁女孩与她最喜爱的护士“结婚”了\",\"href\":\"http://jandan.net/2015/07/21/girl-marries-nurse.html\"},{\"text\":\"[西班牙]小镇全体午休3小时，官方规定的\",\"href\":\"http://jandan.net/2015/07/21/official-afternoon-nap.html\"},{\"text\":\"安全警示：跟动物交配会增加患阴茎癌的风险\",\"href\":\"http://jandan.net/2015/07/21/sex-bestiality-cancer.html\"},{\"text\":\"[墨西哥]男婴生殖器被错当成脐带，差点被剪掉\",\"href\":\"http://jandan.net/2015/07/21/mistakenly-slice-penis.html\"},{\"text\":\"[伦敦] 轻轨上给手机充电，被捕\",\"href\":\"http://jandan.net/2015/07/20/charging-overground-train.html\"},{\"text\":\"睡眠不足不仅影响健康，还影响情商\",\"href\":\"http://jandan.net/2015/07/20/sleep-brain-emotions.html\"},{\"text\":\"发霉啦：今天，我收到一条莫名的短信\",\"href\":\"http://jandan.net/2015/07/20/fml-829.html\"},{\"text\":\"18世纪的真人版鲁滨逊漂流记\",\"href\":\"http://jandan.net/2015/07/20/alexander-selkirk.html\"},{\"text\":\"老年痴呆，对黑人与白人的影响有别\",\"href\":\"http://jandan.net/2015/07/20/alzheimers-affect.html\"},{\"text\":\"天生没有手臂的女飞行员\",\"href\":\"http://jandan.net/2015/07/20/armless-woman-pilot.html\"},{\"text\":\"为什么人不能缩到蚂蚁一般大小？\",\"href\":\"http://jandan.net/2015/07/20/ant-man-shrink.html\"},{\"text\":\"【英国】员工上厕所时间也要有限制\",\"href\":\"http://jandan.net/2015/07/20/workers-trips-toilet.html\"},{\"text\":\"神剧《黑镜》启发的摄影展：现实比科幻更奇怪\",\"href\":\"http://jandan.net/2015/07/20/black-mirror-photography.html\"},{\"text\":\"用运动追踪项圈陪着爱犬老去\",\"href\":\"http://jandan.net/2015/07/20/trackers-dog.html\"},{\"text\":\"[希腊] 飞行员开着战斗机去土耳其取钱\",\"href\":\"http://jandan.net/2015/07/20/pilot-withdraw-money.html\"},{\"text\":\"在马其顿的移民扒火车前往塞尔维亚\",\"href\":\"http://jandan.net/2015/07/20/migrants-europe.html\"},{\"text\":\"手机能感知你的抑郁\",\"href\":\"http://jandan.net/2015/07/20/phone-depression.html\"},{\"text\":\"住在拖车里的土豪CEO\",\"href\":\"http://jandan.net/2015/07/20/ceo-cushy-net.html\"},{\"text\":\"德国黑历史：北极熊模仿者\",\"href\":\"http://jandan.net/2015/07/20/polar-bear-imitator.html\"},{\"text\":\"像鞋底的无气轮胎\",\"href\":\"http://jandan.net/2015/07/20/airless-tires-2.html\"},{\"text\":\"女性潮流新趋势：腋毛染色\",\"href\":\"http://jandan.net/2015/07/20/dyeing-armpit-hair.html\"},{\"text\":\"脑联网：大脑串联成的有机电脑\",\"href\":\"http://jandan.net/2015/07/20/organic-computer.html\"},{\"text\":\"[摄影] 未曾留意的蜘蛛之美\",\"href\":\"http://jandan.net/2015/07/20/spider-photograph.html\"},{\"text\":\"惊为天人的夜光人体彩绘\",\"href\":\"http://jandan.net/2015/07/20/stunning-body-paintings.html\"},{\"text\":\"朝鲜：美国是人权地狱，美国人过得不如狗\",\"href\":\"http://jandan.net/2015/07/20/cake-dog-meme.html\"},{\"text\":\"成瘾不是病，是习惯\",\"href\":\"http://jandan.net/2015/07/20/addiction-disease.html\"},{\"text\":\"史上首个有效的铅笔植入假体\",\"href\":\"http://jandan.net/2015/07/20/first-penile-prosthetic.html\"},{\"text\":\"手机支付与银行发展的9大趋势\",\"href\":\"http://jandan.net/2015/07/20/trends-mobile-payments.html\"},{\"text\":\"摄影：第四堵墙\",\"href\":\"http://jandan.net/2015/07/20/the-fourth-wall.html\"},{\"text\":\"古时水母有骨骼没触手，还像导弹？\",\"href\":\"http://jandan.net/2015/07/20/ancient-comb-jellies.html\"},{\"text\":\"为什么富人会越富？或者一直富有？\",\"href\":\"http://jandan.net/2015/07/20/the-rich.html\"},{\"text\":\"1890s-1940s的大力士\",\"href\":\"http://jandan.net/2015/07/20/most-strongmen.html\"},{\"text\":\"杯具：日本性博物馆展品被偷\",\"href\":\"http://jandan.net/2015/07/20/sex-museum-exhibits.html\"},{\"text\":\"奇特二人组：女儿和父亲一起跳钢管舞\",\"href\":\"http://jandan.net/2015/07/20/father-daughter-dancing.html\"},{\"text\":\"漫天都是假铅笔\",\"href\":\"http://jandan.net/2015/07/19/phallic-sex-toys.html\"},{\"text\":\"为什么恐惧的尖叫让人头皮发麻\",\"href\":\"http://jandan.net/2015/07/19/screams-scary.html\"},{\"text\":\"Pebble第三款智能手表试戴心得\",\"href\":\"http://jandan.net/2015/07/19/testing-pebble-smartwatch.html\"},{\"text\":\"没品笑话集：我跟儿子讲解戴安全套的重要性，他嘿嘿一乐，说：“我平时都不戴套的。”\",\"href\":\"http://jandan.net/2015/07/19/sickipedia-238.html\"},{\"text\":\"安卓，已被谷歌收购十年\",\"href\":\"http://jandan.net/2015/07/19/android-google.html\"},{\"text\":\"史上十大最酷的已退役飞机\",\"href\":\"http://jandan.net/2015/07/19/coolest-planes.html\"},{\"text\":\"奇葩如是：在线蛾子生成器\",\"href\":\"http://jandan.net/2015/07/19/moths-generator.html\"},{\"text\":\"【日本】老年犯人数首次超过少年犯\",\"href\":\"http://jandan.net/2015/07/19/elderly-committing.html\"},{\"text\":\"关于咖啡的冷知识\",\"href\":\"http://jandan.net/2015/07/19/facts-coffee.html\"},{\"text\":\"神经质的人更容易在东西中看见脸\",\"href\":\"http://jandan.net/2015/07/19/neurotic-people-faces.html\"},{\"text\":\"为什么《火星人》开拓了现实主义科幻的新时代？\",\"href\":\"http://jandan.net/2015/07/19/martian-heralds.html\"},{\"text\":\"从神经学层面看，自恋狂更空虚\",\"href\":\"http://jandan.net/2015/07/19/narcissists-needy.html\"},{\"text\":\"不堪其扰，苏格兰服务生决定不再穿裙子\",\"href\":\"http://jandan.net/2015/07/19/scottish-waiters.html\"},{\"text\":\"你的晒伤只脱皮，别人的晒伤是艺术\",\"href\":\"http://jandan.net/2015/07/19/sunburn-human-canvas.html\"},{\"text\":\"如果你的口袋里有个黑洞\",\"href\":\"http://jandan.net/2015/07/19/there-was-a-black.html\"},{\"text\":\"一个变性喜剧演员的双重生活\",\"href\":\"http://jandan.net/2015/07/19/franken-interview.html\"},{\"text\":\"机器人时代该如何立法\",\"href\":\"http://jandan.net/2015/07/19/deal-with-them.html\"},{\"text\":\"果不可貌相，小桃子的好味道\",\"href\":\"http://jandan.net/2015/07/19/fruit-flavour.html\"},{\"text\":\"醉酒后的四种生物，你是哪一种？\",\"href\":\"http://jandan.net/2015/07/19/drunkness-types.html\"},{\"text\":\"金正恩的黑客部队有多历害？\",\"href\":\"http://jandan.net/2015/07/19/elite-hackers.html\"},{\"text\":\"贪吃鱼有助于解释先天性肥胖\",\"href\":\"http://jandan.net/2015/07/19/binge-eating-fish.html\"},{\"text\":\"抑郁症？不考虑移植点粪便么？\",\"href\":\"http://jandan.net/2015/07/19/depression-cure-poop.html\"},{\"text\":\"胖子变瘦？可能性很低\",\"href\":\"http://jandan.net/2015/07/19/incredibly-slim.html\"},{\"text\":\"它思故它在：机器人通过自我意识测验\",\"href\":\"http://jandan.net/2015/07/19/passed-self-awareness.html\"},{\"text\":\"细菌成为了机器人的大脑\",\"href\":\"http://jandan.net/2015/07/19/bacteria-brain-robot.html\"},{\"text\":\"国际千克原器已不再准确，学者们将重新定义一千克\",\"href\":\"http://jandan.net/2015/07/19/unit-weight.html\"},{\"text\":\"恐怖片为什么让你觉得恐怖\",\"href\":\"http://jandan.net/2015/07/19/horror-movies.html\"},{\"text\":\"[纽约] 在沙滩建沙堡的艺术家\",\"href\":\"http://jandan.net/2015/07/19/modern-sandcastles.html\"},{\"text\":\"看过电影《万物理论》，才发现自己患上了和霍金一样的病\",\"href\":\"http://jandan.net/2015/07/19/watching-stephen-hawking.html\"},{\"text\":\"委内瑞拉产科医生和裸体产妇自拍\",\"href\":\"http://jandan.net/2015/07/19/uploading-selfies.html\"},{\"text\":\"一对好基友的大胡子艺术\",\"href\":\"http://jandan.net/2015/07/18/beards-gay.html\"},{\"text\":\"雄性黑寡妇是怎样求偶的\",\"href\":\"http://jandan.net/2015/07/18/male-black-widows.html\"},{\"text\":\"岩田聪在十个方面永远改变了任天堂和游戏\",\"href\":\"http://jandan.net/2015/07/18/satoru-iwata.html\"},{\"text\":\"“小冰河期”传闻后续\",\"href\":\"http://jandan.net/2015/07/18/mini-ice-age-2.html\"},{\"text\":\"eBay上出售的10件闹鬼玩意儿\",\"href\":\"http://jandan.net/2015/07/18/haunted-objects.html\"},{\"text\":\"关于花儿的小知识\",\"href\":\"http://jandan.net/2015/07/18/facts-flowers.html\"},{\"text\":\"抑郁症会导致大脑损伤\",\"href\":\"http://jandan.net/2015/07/18/depression-damages-brain.html\"},{\"text\":\"真血腥：以前欧洲人居然以扔狐狸取乐\",\"href\":\"http://jandan.net/2015/07/18/toss-fox-sport.html\"},{\"text\":\"【瑞士】大隐隐于市的军事掩体\",\"href\":\"http://jandan.net/2015/07/18/ordinary-rocks-incredible.html\"},{\"text\":\"当维基百科打印成书\",\"href\":\"http://jandan.net/2015/07/18/print-wikipedia.html\"},{\"text\":\"不打扰蜜蜂，偷偷收蜂蜜\",\"href\":\"http://jandan.net/2015/07/18/honey-harvest-bees.html\"},{\"text\":\"那些让人两股战战的高空建筑\",\"href\":\"http://jandan.net/2015/07/18/vertiginous-architecture.html\"},{\"text\":\"脑洞段子合集：浴室沉思[8]\",\"href\":\"http://jandan.net/2015/07/18/shower-thoughts-8.html\"},{\"text\":\"WHAT IF：新视野号撞了我家的车\",\"href\":\"http://jandan.net/2015/07/18/whatif-137.html\"},{\"text\":\"纯天然制品：30亿岁的克莱克斯多普球\",\"href\":\"http://jandan.net/2015/07/18/old-klerksdorp.html\"},{\"text\":\"为破记录，尼泊尔人自踢头部134次\",\"href\":\"http://jandan.net/2015/07/18/sets-new-world.html\"},{\"text\":\"西班牙市长因为小脚趾红遍网络\",\"href\":\"http://jandan.net/2015/07/18/sticking-toe-mayor.html\"},{\"text\":\"《诺斯费拉图》导演穆瑙头颅被偷\",\"href\":\"http://jandan.net/2015/07/18/director-head-stolen.html\"},{\"text\":\"生物学家教野生鸟类学外语\",\"href\":\"http://jandan.net/2015/07/18/how-birds-learn.html\"},{\"text\":\"夏日炎炎，喵星人如何给自己降温\",\"href\":\"http://jandan.net/2015/07/18/do-cats-cool.html\"},{\"text\":\"一夜成名的生猛萝莉，是如何在日本火起来的\",\"href\":\"http://jandan.net/2015/07/18/meet-ladybeard.html\"},{\"text\":\"渴望成为教皇的男人，用树种出一座教堂\",\"href\":\"http://jandan.net/2015/07/18/church-stunning.html\"},{\"text\":\"最有可能遗传的四种精神疾病\",\"href\":\"http://jandan.net/2015/07/18/likely-to-inherit.html\"},{\"text\":\"机器人啊，你就不能幽默些？\",\"href\":\"http://jandan.net/2015/07/18/funny-robot.html\"},{\"text\":\"戴鼻塞的印度妇女\",\"href\":\"http://jandan.net/2015/07/18/tribe-woman-nose.html\"},{\"text\":\"跟老爸出去钓个鱼，结果双手差点废了\",\"href\":\"http://jandan.net/2015/07/18/fishing-blisters.html\"},{\"text\":\"安全警示：新型食肉细菌正在全球传播\",\"href\":\"http://jandan.net/2015/07/18/bacteria-is-spreading.html\"},{\"text\":\"国际空间站已派出机器人去小行星采矿\",\"href\":\"http://jandan.net/2015/07/18/spacecraft-into-orbit.html\"},{\"text\":\"既然已有入轨技术，行星飞掠任务有什么意义？\",\"href\":\"http://jandan.net/2015/07/17/go-into-orbit.html\"},{\"text\":\"煎蛋小学堂：物死早系列之自行车为啥能“自己跑”\",\"href\":\"http://jandan.net/2015/07/17/bike-runs.html\"},{\"text\":\"发霉啦：今天，我郁闷发自真心\",\"href\":\"http://jandan.net/2015/07/17/fml-828.html\"}]','8538c3a5b6b2e2883cf08dc04500d898','2015-07-17 10:30:04'),(6,11,'[{\"text\":\"评测美团外卖：用户吐槽定位不准\",\"href\":\"http://tech.sina.com.cn/i/2015-07-21/doc-ifxfaswi4144166.shtml\"},{\"text\":\"新浪评测室之饿了么：时间观念淡薄 服务不一\",\"href\":\"http://tech.sina.com.cn/i/2015-07-08/doc-ifxesfuc3590606.shtml\"},{\"text\":\"多款手机被曝摄像头不达标 苹果联想等上榜\",\"href\":\"http://tech.sina.com.cn/t/2015-07-21/doc-ifxfaswm0920558.shtml\"},{\"text\":\"美光：被紫光收购不太可能完成 美政府阻挠\",\"href\":\"http://tech.sina.com.cn/it/2015-07-21/doc-ifxfaswi4148638.shtml\"},{\"text\":\"中国政府网站家底首次摸清 共计超过8万个\",\"href\":\"http://tech.sina.com.cn/i/2015-07-21/doc-ifxfaswm0920841.shtml\"},{\"text\":\"人物\",\"href\":\"http://roll.tech.sina.com.cn/meiricehua/people/index.shtml\"},{\"text\":\"杜雪骞再创业：太无趣的人生过不了\",\"href\":\"http://tech.sina.com.cn/z/special/theme/2015-07-20/doc-ifxfaswm0907484.shtml\"},{\"text\":\"暴风冯鑫质押461万股票\",\"href\":\"http://tech.sina.com.cn/i/2015-07-20/doc-ifxfaswf7865740.shtml\"},{\"text\":\"董秘坚称股价低估\",\"href\":\"http://tech.sina.com.cn/i/2015-07-21/doc-ifxfaswf7893663.shtml\"},{\"text\":\"虚拟运营商没一家赚钱\",\"href\":\"http://tech.sina.com.cn/t/2015-07-21/doc-ifxfccux2818439.shtml\"},{\"text\":\"苏宁推智能电动滑板\",\"href\":\"http://sax.sina.com.cn/click?type=nonstd&t=REowMDAwNzMwNQ%3D%3D&sign=430be0901fd2ac32&url=http%3A%2F%2Ftech.sina.com.cn%2F2015-07-20%2Fdoc-ifxfccux2798252.shtml\"},{\"text\":\"中国互联网大会\",\"href\":\"http://tech.sina.com.cn/z/cic2015/\"},{\"text\":\"开幕式视频直播\",\"href\":\"http://video.sina.com.cn/l/p/1697712.html\"}]','c62894a5c0dc2cdd6d38cb58cfaa415b','2015-07-17 10:30:05'),(7,13,'[{\"text\":\"习近平谋局十三五 酝酿十领域明显突破\",\"href\":\"http://finance.sina.com.cn/china/20150720/213822740487.shtml\"},{\"text\":\"十八届五中全会10月召开\",\"href\":\"http://finance.sina.com.cn/china/20150720/162422738757.shtml\"},{\"text\":\"经济议题重中之重\",\"href\":\"http://finance.sina.com.cn/china/20150721/094422748073.shtml\"},{\"text\":\"7常委已调研13省份\",\"href\":\"http://finance.sina.com.cn/china/20150721/070622746787.shtml\"},{\"text\":\"沪指涨0.26%上4000点\",\"href\":\"http://finance.sina.com.cn/stock/jsy/20150721/113222749278.shtml\"},{\"text\":\"券商股力挺大盘\",\"href\":\"http://finance.sina.com.cn/stock/gujiayidong/20150721/112022749184.shtml\"},{\"text\":\"百股涨停\",\"href\":\"http://vip.stock.finance.sina.com.cn/mkt/#stock_hs_up\"},{\"text\":\"创业板涨0.6%\",\"href\":\"http://finance.sina.com.cn/stock/jsy/20150721/113322749284.shtml\"},{\"text\":\"医疗器械\",\"href\":\"http://vip.stock.finance.sina.com.cn/mkt/#new_ylqx\"},{\"text\":\"传媒股走高\",\"href\":\"http://vip.stock.finance.sina.com.cn/mkt/#new_cmyl\"},{\"text\":\"国企改革概念大涨\",\"href\":\"http://finance.sina.com.cn/stock/gujiayidong/20150721/104222748676.shtml\"},{\"text\":\"黄金重挫3% 上金所33吨抛盘或摧毁金价\",\"href\":\"http://finance.sina.com.cn/focus/hjsb/\"},{\"text\":\"芝商所熔断2次未能救金价\",\"href\":\"http://finance.sina.com.cn/money/nmetal/20150721/062022745398.shtml\"},{\"text\":\"高盛揭秘暴跌原因\",\"href\":\"http://finance.sina.com.cn/money/nmetal/20150720/231722740744.shtml\"},{\"text\":\"大妈抄底套在山腰\",\"href\":\"http://finance.sina.com.cn/money/nmetal/20150721/072722746871.shtml\"},{\"text\":\"美英加息施压\",\"href\":\"http://finance.sina.com.cn/money/forex/20150721/001322741056.shtml\"},{\"text\":\"专家:当前并非黄金买入良机\",\"href\":\"http://finance.sina.com.cn/money/nmetal/20150721/061922745126.shtml\"},{\"text\":\"美元迎第3轮升值周期\",\"href\":\"http://finance.sina.com.cn/money/nmetal/20150721/050422743698.shtml\"},{\"text\":\"中央半年两次督阵东北经济：习近平专门调研\",\"href\":\"http://finance.sina.com.cn/china/20150721/025422743293.shtml\"},{\"text\":\"6月FDI同比增长0.7%高于预期 金融服务业大增426%\",\"href\":\"http://finance.sina.com.cn/china/20150721/102022748469.shtml\"},{\"text\":\"交通部：高速公路拟将长期收费\",\"href\":\"http://finance.sina.com.cn/china/20150721/103022748565.shtml\"},{\"text\":\"受益股一览\",\"href\":\"http://guba.sina.com.cn/?s=thread&tid=51392&bid=2285\"},{\"text\":\"新计划火热抢购中:\",\"href\":\"http://licaishi.sina.com.cn/web/planList?s=1&bs=1&t=0&d=0&o=p_r&ow=1&fr=finance_top\"},{\"text\":\"导购\",\"href\":\"http://finance.sina.com.cn/focus/lcsnjh/\"},{\"text\":\"付费读:\",\"href\":\"http://licaishi.sina.com.cn/web/index?ind_id=1&fr=finance_top\"},{\"text\":\"能否延续升势\",\"href\":\"http://licaishi.sina.com.cn/web/topic?tid=345&fr=finance_top\"},{\"text\":\"问诊\",\"href\":\"http://licaishi.sina.com.cn/web/askList?fr=finance_top\"},{\"text\":\"林左鸣在环球时报撰文回应:居然还有人问“敌人在哪”\",\"href\":\"http://finance.sina.com.cn/stock/stocktalk/20150721/092122747812.shtml\"},{\"text\":\"汉能向香港证监会服软 将终止与母公司供应协议\",\"href\":\"http://finance.sina.com.cn/stock/hkstock/ggscyd/20150721/082022747315.shtml\"},{\"text\":\"金砖银行正式开业\",\"href\":\"http://finance.sina.com.cn/world/20150721/091822747758.shtml\"},{\"text\":\"楼继伟:与亚投行是互补合作关系\",\"href\":\"http://finance.sina.com.cn/china/20150721/102922748548.shtml\"},{\"text\":\"九省市养老金有望年内率先入市 短期难达6千亿\",\"href\":\"http://finance.sina.com.cn/china/20150721/015722741943.shtml\"},{\"text\":\"猪肉价格飙涨：仅6月已涨价10% 市民称减少吃肉\",\"href\":\"http://finance.sina.com.cn/consume/20150721/023022743271.shtml\"},{\"text\":\"星展银行客户经理为揽客 推销保险时涉嫌隐瞒关键信息\",\"href\":\"http://finance.sina.com.cn/money/bank/bank_hydt/20150721/025922743377.shtml\"},{\"text\":\"刘永好减持民生银行股权套现 转战筹建新民营银行\",\"href\":\"http://finance.sina.com.cn/money/bank/bank_hydt/20150721/050422743747.shtml\"},{\"text\":\"刘鹤：总书记的经济智囊\",\"href\":\"http://finance.sina.com.cn/spread/time/2015-06-19/sdch-ifxefurt9439530.shtml\"}]','9324106757713d11ca76f75becfdc164','2015-07-17 10:30:06'),(31,2,'[{\"text\":\"智齿科技发布全球首款智慧客服并公布“智慧成长计划”\",\"href\":\"http://www.csdn.net/article/2015-06-17/15825363\"},{\"text\":\"互联网+出智能未来——带你走进不一样的领军者大会\",\"href\":\"http://www.csdn.net/article/2015-04-19/15823865\"},{\"text\":\"年后综合症大爆发？用360手机助手三招搞定\",\"href\":\"http://www.csdn.net/article/2015-02-28/15822742\"},{\"text\":\"光环中国•2015产品经理论坛在京举办\",\"href\":\"http://www.csdn.net/article/2015-01-29/15822429\"},{\"text\":\"对话贾智凡：100offer要做一个走私程序员的海盗\",\"href\":\"http://www.csdn.net/article/2015-01-22/15822280\"},{\"text\":\"重构生态系统 东软发布升级版业务基础平台UniEAP及云应用平台SaCa\",\"href\":\"http://www.csdn.net/article/2014-10-11/15820364-Neusoft-SaCa-UniEAP\"},{\"text\":\"中小APP深陷“早卸”困境，腾讯X5挽救危机\",\"href\":\"http://www.csdn.net/article/2014-09-18/15820030\"},{\"text\":\"系统漏洞引发白帽子关注 揭秘世界三大安全赛事\",\"href\":\"http://www.csdn.net/article/2014-09-18/15820029\"},{\"text\":\"百度世界移动安全亮大招 开放反病毒、反骚扰、应用保护三方面技术能力\",\"href\":\"http://www.csdn.net/article/2014-09-03/15819866-baidu-mobile-security\"},{\"text\":\"PMC 荣颁日立（Hitachi）信息及通信系统公司采购部 杰出合作伙伴大奖\",\"href\":\"http://www.csdn.net/article/2014-08-21/15819698\"},{\"text\":\"打击盗号专项研讨会在京举办 腾讯分享网络安全基本原则\",\"href\":\"http://www.csdn.net/article/2014-03-13/15818201-qq-safety-seminar\"},{\"text\":\"腾讯微软联想联合发布升级过渡期Windows XP用户支持计划\",\"href\":\"http://www.csdn.net/article/2014-03-07/15818151\"},{\"text\":\"豆果美食王宇翔：借力百度 打造“互联网第一美食社区”\",\"href\":\"http://www.csdn.net/article/2013-12-10/15817379\"},{\"text\":\"HTML5下一步如何发展？英特尔资深首席工程师探讨HTML5的未来\",\"href\":\"http://www.csdn.net/article/2013-11-08/15817072-Intel-Html5-interview\"},{\"text\":\"用友UAP Mobile：用Web方式打造原生级性能的企业移动应用\",\"href\":\"http://www.csdn.net/article/2013-11-06/15817056-uap-mobile\"},{\"text\":\"SyScan360上演“黑客挑战赛” 银行职员5分钟破解赢取iPhone5S\",\"href\":\"http://www.csdn.net/article/2013-09-25/15816710-SyScan360-hacker-Challenging\"},{\"text\":\"聚焦移动互联 2013 Macworld iWorld Asia在京召开\",\"href\":\"http://www.csdn.net/article/2013-08-23/15816384\"},{\"text\":\"用友架构师解读UAP集成平台\",\"href\":\"http://www.csdn.net/article/2013-08-07/15816259-yonyou-uap-integration-platform\"},{\"text\":\"软件版权意识淡薄是盗版在国内盛行的根本原因\",\"href\":\"http://www.csdn.net/article/2013-07-15/15815921\"},{\"text\":\"掌上新生活启动 PP助手安卓版强势来袭\",\"href\":\"http://www.csdn.net/article/2013-07-08/15815793\"},{\"text\":\"惠普宣布扩展大数据咨询服务 加强Hadoop计划\",\"href\":\"http://www.csdn.net/article/2013-06-24/15815678\"},{\"text\":\"IBM大数据与分析 160台电话连线真实案例故事\",\"href\":\"http://www.csdn.net/article/2013-06-16/15815583-ibm-bigdata-easybluestore\"},{\"text\":\"技术引领变革 商业全面数字化\",\"href\":\"http://www.csdn.net/article/2013-06-13/15815569\"},{\"text\":\"凌云之巅：应用云创造真正价值\",\"href\":\"http://www.csdn.net/article/2013-06-08/15815554\"},{\"text\":\"主动防御：根据威胁部署网络防御\",\"href\":\"http://www.csdn.net/article/2013-06-08/15815553\"},{\"text\":\"软件定义网络：实现虚拟化的最后一步\",\"href\":\"http://www.csdn.net/article/2013-06-08/15815552\"},{\"text\":\"无缝协作：渠道恰当、人员正确、工作适合\",\"href\":\"http://www.csdn.net/article/2013-06-08/15815548\"},{\"text\":\"数据加速度：跟上决策和行动速度\",\"href\":\"http://www.csdn.net/article/2013-06-08/15815546\"},{\"text\":\"嵌入式数据分析：针对所需信息设计数据收集要求\",\"href\":\"http://www.csdn.net/article/2013-06-08/15815545\"},{\"text\":\"无处不在的“关系”：创建日常交易之外的数字化关系\",\"href\":\"http://www.csdn.net/article/2013-06-08/15815544\"},{\"text\":\"IBM大数据与分析全球客户突破3万家 全面进入大数据与分析实践阶段\",\"href\":\"http://www.csdn.net/article/2013-05-28/15815395-ibm-bigdata-forum-2013\"},{\"text\":\"一周消息树：亲爱的GitHub，我们怎么访问不了你？\",\"href\":\"http://www.csdn.net/article/2013-01-25/2813966-weekly-news\"},{\"text\":\"曾经的美好：再见了，塞班！\",\"href\":\"http://www.csdn.net/article/2013-01-25/2813954\"},{\"text\":\"在“亚马逊商店”出售自己：产品经理这么找工作\",\"href\":\"http://www.csdn.net/article/2013-01-25/2813951-Amazing-resume\"},{\"text\":\"不再被墙后 一个全新GitHub到来\",\"href\":\"http://www.csdn.net/article/2013-01-24/2813923-a-whole-new-code-search\"},{\"text\":\"苹果发布2013财年Q1财报：iPhone销量及营收低于预期\",\"href\":\"http://www.csdn.net/article/2013-01-24/2813922-Apple-Reports-Record-Results\"},{\"text\":\"与乔布斯并肩作战的日子\",\"href\":\"http://www.csdn.net/article/2013-01-23/2813917-what-its-really-like-working-with-Jobs\"},{\"text\":\"Google抛弃Exchange ActiveSync WP用户获DAV支持\",\"href\":\"http://www.csdn.net/article/2013-01-23/2813908-windows-phone-carddav-caldav-support\"},{\"text\":\"谷歌Q4财报净利润28.86亿美元 超分析师预期\",\"href\":\"http://www.csdn.net/article/2013-01-23/2813896-google-q4-2012-revenue-up\"},{\"text\":\"强强联合？传微软投30亿参与Dell私有化\",\"href\":\"http://www.csdn.net/article/2013-01-23/2813885-microsoft-may-provide-3b\"},{\"text\":\"Mozilla推出开发者预览版Firefox OS智能手机\",\"href\":\"http://www.csdn.net/article/2013-01-23/2813884-firefox-OS-phone\"},{\"text\":\"国外媒体唱衰：Windows RT必死的7大理由\",\"href\":\"http://www.csdn.net/article/2013-01-22/2813873\"},{\"text\":\"新浪微博商业化：大树底下真的好乘凉吗？\",\"href\":\"http://www.csdn.net/article/2013-01-22/2813868-sinaweibo\"},{\"text\":\"Facebook真的要做“Facebook Phone”？\",\"href\":\"http://www.csdn.net/article/2013-01-22/2813863-a-facebook-phone\"},{\"text\":\"亲爱的GitHub，我们怎么访问不了你？\",\"href\":\"http://www.csdn.net/article/2013-01-22/2813855-blocked-github-via-dns\"},{\"text\":\"大众点评推出首个O2O开发者平台\",\"href\":\"http://www.csdn.net/article/2013-01-22/2813854-da-zhong-dian-ping-API\"},{\"text\":\"电子前沿基金会：实现互联网自由需翻越5座大山\",\"href\":\"http://www.csdn.net/article/2013-01-21/2813846-five-battles-for-internet-freedom\"},{\"text\":\"专访杨刚：移动互联网是孕育下一代高科技企业的土壤\",\"href\":\"http://www.csdn.net/article/2013-01-21/2813843\"},{\"text\":\"美FCC：希望全美在2015年部署千兆以太网\",\"href\":\"http://www.csdn.net/article/2013-01-21/2813838-fcc-wants-gigabit-ethernet\"},{\"text\":\"Kim Dotcom推出新文件存储服务平台Mega 用户数一天达百万\",\"href\":\"http://www.csdn.net/article/2013-01-21/2813837-kim-dotcom-officially-launches-mega\"}]','69a806be7e41d0ce2dd1085469995166','2015-07-17 10:30:08'),(10,20,'[{\"text\":\"习近平与奥巴马通电话谈9月访美及伊核问题\",\"href\":\"http://news.sina.com.cn/c/2015-07-21/103932130683.shtml\"},{\"text\":\"李克强推国际产能合作：升级版中国走出去\",\"href\":\"http://news.sina.com.cn/c/2015-07-20/192032127797.shtml\"},{\"text\":\"正征民意：中国高速公路拟将长期收费\",\"href\":\"http://news.sina.com.cn/c/2015-07-21/103832130605.shtml\"},{\"text\":\"交通部:一些条例已不适应需要\",\"href\":\"http://news.sina.com.cn/c/2015-07-21/104732130670.shtml\"},{\"text\":\"令计划被开除党籍公职\",\"href\":\"http://news.sina.com.cn/c/2015-07-20/220132128063.shtml\"},{\"text\":\"涉嫌受贿罪被逮捕\",\"href\":\"http://news.sina.com.cn/c/2015-07-20/220932128076.shtml\"},{\"text\":\"人民日报头版评论\",\"href\":\"http://news.sina.com.cn/c/2015-07-21/072832130000.shtml\"},{\"text\":\"环球时报:野心和私欲膨胀断送了令计划\",\"href\":\"http://news.sina.com.cn/pl/2015-07-21/073632129972.shtml\"},{\"text\":\"国平\",\"href\":\"http://news.sina.com.cn/c/2015-07-20/232332128136.shtml\"},{\"text\":\"沉湖死者遇害前多次称王林马上会被抓\",\"href\":\"http://news.sina.com.cn/c/z/wlbdc2015/\"},{\"text\":\"王林今早见律师状态良好\",\"href\":\"http://news.sina.com.cn/c/2015-07-21/110532130696.shtml\"},{\"text\":\"死者前妻:很多一线明星曾为王捧场\",\"href\":\"http://news.sina.com.cn/c/2015-07-20/211532128007.shtml\"}]','0cca4de6e014fb07254e2e4e75db5a47','2015-07-17 10:30:07'),(11,22,'[{\"text\":\"习近平与奥巴马通电话谈9月访美及伊核问题\",\"href\":\"http://news.sina.com.cn/c/2015-07-21/103932130683.shtml\"},{\"text\":\"李克强推国际产能合作：升级版中国走出去\",\"href\":\"http://news.sina.com.cn/c/2015-07-20/192032127797.shtml\"},{\"text\":\"正征民意：中国高速公路拟将长期收费\",\"href\":\"http://news.sina.com.cn/c/2015-07-21/103832130605.shtml\"},{\"text\":\"交通部:一些条例已不适应需要\",\"href\":\"http://news.sina.com.cn/c/2015-07-21/104732130670.shtml\"},{\"text\":\"令计划被开除党籍公职\",\"href\":\"http://news.sina.com.cn/c/2015-07-20/220132128063.shtml\"},{\"text\":\"涉嫌受贿罪被逮捕\",\"href\":\"http://news.sina.com.cn/c/2015-07-20/220932128076.shtml\"},{\"text\":\"人民日报头版评论\",\"href\":\"http://news.sina.com.cn/c/2015-07-21/072832130000.shtml\"},{\"text\":\"环球时报:野心和私欲膨胀断送了令计划\",\"href\":\"http://news.sina.com.cn/pl/2015-07-21/073632129972.shtml\"},{\"text\":\"国平\",\"href\":\"http://news.sina.com.cn/c/2015-07-20/232332128136.shtml\"},{\"text\":\"沉湖死者遇害前多次称王林马上会被抓\",\"href\":\"http://news.sina.com.cn/c/z/wlbdc2015/\"},{\"text\":\"王林今早见律师状态良好\",\"href\":\"http://news.sina.com.cn/c/2015-07-21/110532130696.shtml\"},{\"text\":\"死者前妻:很多一线明星曾为王捧场\",\"href\":\"http://news.sina.com.cn/c/2015-07-20/211532128007.shtml\"}]','0cca4de6e014fb07254e2e4e75db5a47','2015-07-17 10:30:07'),(12,30,'[{\"text\":\"“一帶一路”的影響與風險\",\"href\":\"http://big5.ftchinese.com//story/001063097#adchannelID=1100\"},{\"text\":\"台灣將產生首位女總統\",\"href\":\"http://big5.ftchinese.com//story/001063107#adchannelID=1100\"},{\"text\":\"周永康案的啟示：憲法還是暴力？\",\"href\":\"http://big5.ftchinese.com//story/001063065#adchannelID=1100\"},{\"text\":\"華為今年上半年營收同比增長30%\",\"href\":\"http://big5.ftchinese.com//story/001063105#adchannelID=1100\"},{\"text\":\"習近平要求軍隊徹底肅清徐才厚案影響\",\"href\":\"http://big5.ftchinese.com//story/001063102#adchannelID=1100\"},{\"text\":\"大數據監管下的資本市場\",\"href\":\"http://big5.ftchinese.com//story/001063093#adchannelID=1100\"},{\"text\":\"金磚國家怎麽了？\",\"href\":\"http://big5.ftchinese.com//story/001063082#adchannelID=1100\"},{\"text\":\"國債期貨風險事件中的最終贏家\",\"href\":\"http://big5.ftchinese.com//story/001063089#adchannelID=1100\"},{\"text\":\"資本主義的道德困境\",\"href\":\"http://big5.ftchinese.com//story/001063101#adchannelID=1100\"},{\"text\":\"中國股民如賭徒\",\"href\":\"http://big5.ftchinese.com//story/001063096#adchannelID=1100\"},{\"text\":\"王林：游走於中國體制縫隙里的狐狸\",\"href\":\"http://big5.ftchinese.com//story/001063075#adchannelID=1100\"},{\"text\":\"分析：調查A股“惡意”賣空者\",\"href\":\"http://big5.ftchinese.com//story/001063085#adchannelID=1100\"},{\"text\":\"救市或影響A股被納入MSCI指數\",\"href\":\"http://big5.ftchinese.com//story/001063088#adchannelID=1100\"},{\"text\":\"中國黃金儲備增至1658噸\",\"href\":\"http://big5.ftchinese.com//story/001063091#adchannelID=1100\"},{\"text\":\"香港不必為亞投行“雙總部”孤註一擲\",\"href\":\"http://big5.ftchinese.com//story/001063049#adchannelID=1100\"},{\"text\":\"《信息技術協定》更新談判取得突破\",\"href\":\"http://big5.ftchinese.com//story/001063086#adchannelID=1100\"},{\"text\":\"中國官媒發表周世鋒“認罪”摘要\",\"href\":\"http://big5.ftchinese.com//story/001063084#adchannelID=1100\"},{\"text\":\"中國央行出台新規加強監管互聯網金融\",\"href\":\"http://big5.ftchinese.com//story/001063087#adchannelID=1100\"},{\"text\":\"《預算法》不應被實施條例架空\",\"href\":\"http://big5.ftchinese.com//story/001063074#adchannelID=1100\"},{\"text\":\"中國新國安法的泛國家安全觀風險\",\"href\":\"http://big5.ftchinese.com//story/001063071#adchannelID=1100\"},{\"text\":\"為什麽猴子變不成猩猩？\",\"href\":\"http://big5.ftchinese.com//story/001063073#adchannelID=1100\"},{\"text\":\"什麽是中美競爭的核心議題？\",\"href\":\"http://big5.ftchinese.com//story/001063080#adchannelID=1100\"},{\"text\":\"誰是A股最後的救市主？\",\"href\":\"http://big5.ftchinese.com//story/001063048#adchannelID=1100\"},{\"text\":\"世行正式撤回對中國金融業的批評\",\"href\":\"http://big5.ftchinese.com//story/001063072#adchannelID=1100\"},{\"text\":\"中國銀行業掏出巨資救股市\",\"href\":\"http://big5.ftchinese.com//story/001063070#adchannelID=1100\"},{\"text\":\"三大變化重塑世界石油市場格局\",\"href\":\"http://big5.ftchinese.com//story/001063017#adchannelID=1100\"},{\"text\":\"漢能薄膜威脅起訴香港證監會\",\"href\":\"http://big5.ftchinese.com//story/001063058#adchannelID=1100\"},{\"text\":\"標普：公司債投資者面臨中美雙重威脅\",\"href\":\"http://big5.ftchinese.com//story/001063057#adchannelID=1100\"},{\"text\":\"周永康案：政治化的中國司法審判\",\"href\":\"http://big5.ftchinese.com//story/001063026#adchannelID=1100\"},{\"text\":\"下一頁\",\"href\":\"http://big5.ftchinese.com/china.html?page=2\"},{\"text\":\"3\",\"href\":\"http://big5.ftchinese.com/china.html?page=3\"},{\"text\":\"4\",\"href\":\"http://big5.ftchinese.com/china.html?page=4\"},{\"text\":\"5\",\"href\":\"http://big5.ftchinese.com/china.html?page=5\"},{\"text\":\"6\",\"href\":\"http://big5.ftchinese.com/china.html?page=6\"},{\"text\":\"7\",\"href\":\"http://big5.ftchinese.com/china.html?page=7\"},{\"text\":\"8\",\"href\":\"http://big5.ftchinese.com/china.html?page=8\"},{\"text\":\"9\",\"href\":\"http://big5.ftchinese.com/china.html?page=9\"},{\"text\":\"10\",\"href\":\"http://big5.ftchinese.com/china.html?page=10\"},{\"text\":\"›|\",\"href\":\"http://big5.ftchinese.com/china.html?page=858\"}]','3c5344e5eb57bc64cef2452abf0cbdc0','2015-07-17 10:30:08'),(13,31,']','0fbd1776e1ad22c59a7080d35c7fd4db','2015-07-17 10:30:08'),(16,35,'[{\"text\":\"北京移动已暂停工行e支付相关业务\",\"href\":\"http://m.cnbeta.com//view_412929.htm\"},{\"text\":\"[图]Windows 10/8.1性能跑分测试\",\"href\":\"http://m.cnbeta.com//view_412927.htm\"},{\"text\":\"海洋酸化传感器研发公司获XPRIZE竞赛大奖\",\"href\":\"http://m.cnbeta.com//view_412925.htm\"},{\"text\":\"黎明号即将降至谷神星第三绘图轨道 高度为1450公里\",\"href\":\"http://m.cnbeta.com//view_412923.htm\"},{\"text\":\"三星Note 5再无秘密？配置/外观终极爆料\",\"href\":\"http://m.cnbeta.com//view_412921.htm\"},{\"text\":\"密歇根大学建模拟城市 测试无人驾驶汽车\",\"href\":\"http://m.cnbeta.com//view_412919.htm\"},{\"text\":\"[视频]粉丝从娃娃抓起 玩家打造《马里奥》主题育婴室\",\"href\":\"http://m.cnbeta.com//view_412917.htm\"},{\"text\":\"华硕开售Chromebook Flip C100：售价250美元起\",\"href\":\"http://m.cnbeta.com//view_412915.htm\"},{\"text\":\"英妻子利用谷歌街景地图掌握丈夫抽烟“铁证”\",\"href\":\"http://m.cnbeta.com//view_412913.htm\"},{\"text\":\"太空垃圾量达临界点 清扫工作还看“吃豆人”\",\"href\":\"http://m.cnbeta.com//view_412911.htm\"},{\"text\":\"心力衰竭治疗可植入预警系统:装置仅一枚硬币大\",\"href\":\"http://m.cnbeta.com//view_412909.htm\"},{\"text\":\"肯德基教你玩：伪造一张度假照去忽悠Instagram上的小伙伴\",\"href\":\"http://m.cnbeta.com//view_412907.htm\"},{\"text\":\"[图]Android端Cortana问答测试\",\"href\":\"http://m.cnbeta.com//view_412905.htm\"},{\"text\":\"一美国色情网站赶潮流 免费送Google Cardboard\",\"href\":\"http://m.cnbeta.com//view_412903.htm\"},{\"text\":\"[视频]液氮冷却：Lexus再晒“磁悬浮滑板”\",\"href\":\"http://m.cnbeta.com//view_412901.htm\"},{\"text\":\"第二季度三星智能机销量领先苹果 下半年市场增速放缓\",\"href\":\"http://m.cnbeta.com//view_412899.htm\"},{\"text\":\"无线开发者福音：微软研究院在GitHub上开源SoRa平台\",\"href\":\"http://m.cnbeta.com//view_412897.htm\"},{\"text\":\"[图]和梅西一起 EA确认女足明星当选FIFA 16封面\",\"href\":\"http://m.cnbeta.com//view_412895.htm\"},{\"text\":\"小米手环1S登陆台湾NCC：搭载心率传感器\",\"href\":\"http://m.cnbeta.com//view_412893.htm\"},{\"text\":\"[评论]久违的发布会 这次诺基亚又要出什么招？\",\"href\":\"http://m.cnbeta.com//view_412891.htm\"},{\"text\":\"上一页\",\"href\":\"http://m.cnbeta.com/javascript:void(0);\"},{\"text\":\"下一页\",\"href\":\"http://m.cnbeta.com//list_latest_2.htm\"},{\"text\":\"»\",\"href\":\"http://m.cnbeta.com//list_latest_25.htm\"}]','404c6d3444aac040e4a2a9d748ac9b07','2015-07-17 10:30:09'),(15,34,'[{\"text\":\"DOTA2国际邀请赛TI独家回忆系列活动说明\",\"href\":\"http://games.sina.com.cn/o/z/dota2/2015-07-20/0945629100.shtml\"},{\"text\":\"火猫DOTA2仲夏联赛赛程公布 今日16点直播\",\"href\":\"http://games.sina.com.cn/o/z/dota2/2015-07-13/fxewnia9204112.shtml\"},{\"text\":\"火猫TI5特邀解说天团RPG大乱斗 今日首播\",\"href\":\"http://games.sina.com.cn/o/z/dota2/2015-07-11/1232628341.shtml\"},{\"text\":\"G联赛总决赛现场精彩图集LGD蝉联两届冠军\",\"href\":\"http://games.sina.com.cn/o/z/dota2/2015-07-10/2232628331.shtml\"},{\"text\":\"G联赛2015赛季总决赛LGD3：2CDEC卫冕成功\",\"href\":\"http://games.sina.com.cn/o/z/dota2/zt/g2015.shtml\"},{\"text\":\"DOTA2从比赛时间的缩短看新版本节奏变化\",\"href\":\"http://games.sina.com.cn/o/z/dota2/2015-07-05/1411627487.shtml\"},{\"text\":\"Archon收购北美NAR战队 宣布进军DOTA2\",\"href\":\"http://games.sina.com.cn/o/z/dota2/2015-07-05/1405627484.shtml\"},{\"text\":\"WCA现场专访LGD:21日前往西雅图备战TI5\",\"href\":\"http://games.sina.com.cn/o/z/dota2/2015-07-05/1359627483.shtml\"},{\"text\":\"Steam市场钥匙被彻底移除 别了钥匙君\",\"href\":\"http://games.sina.com.cn/o/z/dota2/2015-07-05/1248627476.shtml\"},{\"text\":\"退役后的出路：盘点DOTA圈选手的副业选择\",\"href\":\"http://games.sina.com.cn/o/z/dota2/2015-07-03/1507627333.shtml\"},{\"text\":\"三冰与Chuan：外籍选手在中国的现状解读\",\"href\":\"http://games.sina.com.cn/o/z/dota2/2015-07-03/1501627331.shtml\"},{\"text\":\"从各个位置对比分析中国战队与秘密战队\",\"href\":\"http://games.sina.com.cn/o/z/dota2/2015-07-02/1256627144.shtml\"},{\"text\":\"水友分析：中国刀塔圈历史地位谁最高\",\"href\":\"http://games.sina.com.cn/o/z/dota2/2015-07-02/1234627139.shtml\"},{\"text\":\"NEST2015再度来袭 身临其竞等你来战\",\"href\":\"http://games.sina.com.cn/o/z/dota2/2015-07-02/1225627138.shtml\"},{\"text\":\"Empire战队巡礼：绝境中迸发的力量逆袭\",\"href\":\"http://games.sina.com.cn/o/z/dota2/2015-07-02/1220627137.shtml\"},{\"text\":\"曲线救国 进军西雅图西方战队分析第四期\",\"href\":\"http://games.sina.com.cn/o/z/dota2/2015-07-02/1123627107.shtml\"},{\"text\":\"团队的中坚:盘点DOTA2那些出色的辅助选手\",\"href\":\"http://games.sina.com.cn/o/z/dota2/2015-07-02/1111627097.shtml\"},{\"text\":\"三年豪夺29个冠军！Secret中单S4详细解读\",\"href\":\"http://games.sina.com.cn/o/z/dota2/2015-07-02/1056627090.shtml\"},{\"text\":\"TI5总奖金61天突破1500万 斧王不朽解锁\",\"href\":\"http://games.sina.com.cn/o/z/dota2/2015-07-02/1046627086.shtml\"},{\"text\":\"极限在哪？《DOTA2》TI5奖金突破1500万！\",\"href\":\"http://games.sina.com.cn/o/z/dota2/2015-07-02/1005627076.shtml\"},{\"text\":\"DOTA2玩家阵痛 网络问题解决为何如此难\",\"href\":\"http://games.sina.com.cn/o/z/dota2/2015-07-01/1211626932.shtml\"},{\"text\":\"MU神STEAM帐号被盗 帐号安全再引热议\",\"href\":\"http://games.sina.com.cn/o/z/dota2/2015-07-01/1205626931.shtml\"},{\"text\":\"举报炸弹风导火索？自动爆炸脚本流出\",\"href\":\"http://games.sina.com.cn/o/z/dota2/2015-07-01/1157626929.shtml\"},{\"text\":\"举报炸弹人成风 炸弹人老玩家发文吐槽\",\"href\":\"http://games.sina.com.cn/o/z/dota2/2015-07-01/1149626927.shtml\"},{\"text\":\"RTZ&EE那些事儿第一弹：剪不断理还乱关系\",\"href\":\"http://games.sina.com.cn/o/z/dota2/2015-07-01/1132626918.shtml\"},{\"text\":\"7月1日更新：一大波门票 不朽三仍未现身\",\"href\":\"http://games.sina.com.cn/o/z/dota2/2015-07-01/1110626910.shtml\"},{\"text\":\"TI5冠军神盾守护者：iG战队的战斗力分析\",\"href\":\"http://games.sina.com.cn/o/z/dota2/2015-07-01/1047626899.shtml\"},{\"text\":\"2009是否过誉？网友分析酒神为何满载荣誉\",\"href\":\"http://games.sina.com.cn/o/z/dota2/2015-07-01/1045626895.shtml\"},{\"text\":\"小金本至宝投票卡尔落败 宙斯小小上榜\",\"href\":\"http://games.sina.com.cn/o/z/dota2/2015-07-01/1041626893.shtml\"},{\"text\":\"6月职业比赛热门英雄BP表 拉席克海民登顶\",\"href\":\"http://games.sina.com.cn/o/z/dota2/2015-07-01/1039626892.shtml\"}]','d39d1b981e8c608468fa3616abe1f345','2015-07-17 10:30:08'),(30,1,'[{\"text\":\"想创业，但一毛钱启动资金都没有？你或许可以试试YC Fellowship\",\"href\":\"http://www.36kr.com/p/5035606.html\"},{\"text\":\"GoPro 上线视频交易平台，要开始在内容上挣点钱了\",\"href\":\"http://www.36kr.com/p/5035605.html\"},{\"text\":\"OTC药品或全退出医保目录，医药产业链的巨大变革\",\"href\":\"http://www.36kr.com/p/5035601.html\"},{\"text\":\"网络敏感词谁做主？Instagram屏蔽“Curvy”\",\"href\":\"http://www.36kr.com/p/5035604.html\"},{\"text\":\"叮当快药与春雨医生达成战略合作，从健康咨询到药品配送\",\"href\":\"http://www.36kr.com/p/5035597.html\"},{\"text\":\"K12 领域的共享经济，会是怎样的？\",\"href\":\"http://www.36kr.com/p/5035599.html\"},{\"text\":\"8点1氪：Evernote 换帅，汤臣倍健 6200 万战略入股大姨吗\",\"href\":\"http://www.36kr.com/p/5035600.html\"},{\"text\":\"俄罗斯投资家Yuri Milner宣布投入1亿美元用于寻找地外生命\",\"href\":\"http://www.36kr.com/p/5035595.html\"},{\"text\":\"“车轮互联”关勇：我们是怎么从做“车轮查违章”开始动念做驾考O2O的\",\"href\":\"http://www.36kr.com/p/5035596.html\"},{\"text\":\"【36氪·杭州】不止是明星，创业者也两岸三地了\",\"href\":\"http://www.36kr.com/p/5035591.html\"},{\"text\":\"走着旅行复盘发展策略：为什么做车导，为什么现在切入境外市场\",\"href\":\"http://www.36kr.com/p/5035592.html\"},{\"text\":\"【大公司晚报】定位年轻人的 ZUK 手机要上京东众筹；华为表示 1 亿手机出货量是小 Case\",\"href\":\"http://www.36kr.com/p/5035593.html\"},{\"text\":\"【新三板日报】做市指数延续周五行情涨势，成交额收缩\",\"href\":\"http://www.36kr.com/p/5035590.html\"},{\"text\":\"“如戏”，如何像Hackathon那样挖掘故事大咖？\",\"href\":\"http://www.36kr.com/p/5035587.html\"},{\"text\":\"【投融资笔记】校园 O2O “俺来也” 和女生好朋友“大姨吗”均宣布融资\",\"href\":\"http://www.36kr.com/p/5035589.html\"},{\"text\":\"“高拍”从视频社区切入，让普通白领们打好高尔夫\",\"href\":\"http://www.36kr.com/p/5035588.html\"},{\"text\":\"我们梳理了过去十年美国的风投数据，发现有些事不是我们想的那样\",\"href\":\"http://www.36kr.com/p/5035582.html\"},{\"text\":\"「一分钟产品」夜行侠也要注意安全，你需要智能骑行头盔Lumos\",\"href\":\"http://www.36kr.com/p/5035585.html\"},{\"text\":\"开启新一轮数千万元融资的艺客，要讲一个万亿家装市场的故事\",\"href\":\"http://www.36kr.com/p/5035586.html\"},{\"text\":\"美国FDA与Google搜索的化学反应\",\"href\":\"http://www.36kr.com/p/5035579.html\"}]','079925cf926e15b9d8f4006ba88b7971','2015-07-17 10:30:03'),(32,7,'[{\"text\":\"想创业，但一毛钱启动资金都没有？你或许可以试试YC Fellowship\",\"href\":\"http://www.36kr.com/p/5035606.html\"},{\"text\":\"GoPro 上线视频交易平台，要开始在内容上挣点钱了\",\"href\":\"http://www.36kr.com/p/5035605.html\"},{\"text\":\"OTC药品或全退出医保目录，医药产业链的巨大变革\",\"href\":\"http://www.36kr.com/p/5035601.html\"},{\"text\":\"网络敏感词谁做主？Instagram屏蔽“Curvy”\",\"href\":\"http://www.36kr.com/p/5035604.html\"},{\"text\":\"叮当快药与春雨医生达成战略合作，从健康咨询到药品配送\",\"href\":\"http://www.36kr.com/p/5035597.html\"},{\"text\":\"K12 领域的共享经济，会是怎样的？\",\"href\":\"http://www.36kr.com/p/5035599.html\"},{\"text\":\"8点1氪：Evernote 换帅，汤臣倍健 6200 万战略入股大姨吗\",\"href\":\"http://www.36kr.com/p/5035600.html\"},{\"text\":\"俄罗斯投资家Yuri Milner宣布投入1亿美元用于寻找地外生命\",\"href\":\"http://www.36kr.com/p/5035595.html\"},{\"text\":\"“车轮互联”关勇：我们是怎么从做“车轮查违章”开始动念做驾考O2O的\",\"href\":\"http://www.36kr.com/p/5035596.html\"},{\"text\":\"【36氪·杭州】不止是明星，创业者也两岸三地了\",\"href\":\"http://www.36kr.com/p/5035591.html\"},{\"text\":\"走着旅行复盘发展策略：为什么做车导，为什么现在切入境外市场\",\"href\":\"http://www.36kr.com/p/5035592.html\"},{\"text\":\"【大公司晚报】定位年轻人的 ZUK 手机要上京东众筹；华为表示 1 亿手机出货量是小 Case\",\"href\":\"http://www.36kr.com/p/5035593.html\"},{\"text\":\"【新三板日报】做市指数延续周五行情涨势，成交额收缩\",\"href\":\"http://www.36kr.com/p/5035590.html\"},{\"text\":\"“如戏”，如何像Hackathon那样挖掘故事大咖？\",\"href\":\"http://www.36kr.com/p/5035587.html\"},{\"text\":\"【投融资笔记】校园 O2O “俺来也” 和女生好朋友“大姨吗”均宣布融资\",\"href\":\"http://www.36kr.com/p/5035589.html\"},{\"text\":\"“高拍”从视频社区切入，让普通白领们打好高尔夫\",\"href\":\"http://www.36kr.com/p/5035588.html\"},{\"text\":\"我们梳理了过去十年美国的风投数据，发现有些事不是我们想的那样\",\"href\":\"http://www.36kr.com/p/5035582.html\"},{\"text\":\"「一分钟产品」夜行侠也要注意安全，你需要智能骑行头盔Lumos\",\"href\":\"http://www.36kr.com/p/5035585.html\"},{\"text\":\"开启新一轮数千万元融资的艺客，要讲一个万亿家装市场的故事\",\"href\":\"http://www.36kr.com/p/5035586.html\"},{\"text\":\"美国FDA与Google搜索的化学反应\",\"href\":\"http://www.36kr.com/p/5035579.html\"}]','079925cf926e15b9d8f4006ba88b7971','2015-07-17 10:30:10'),(33,15,'[{\"text\":\"想创业，但一毛钱启动资金都没有？你或许可以试试YC Fellowship\",\"href\":\"http://www.36kr.com/p/5035606.html\"},{\"text\":\"GoPro 上线视频交易平台，要开始在内容上挣点钱了\",\"href\":\"http://www.36kr.com/p/5035605.html\"},{\"text\":\"OTC药品或全退出医保目录，医药产业链的巨大变革\",\"href\":\"http://www.36kr.com/p/5035601.html\"},{\"text\":\"网络敏感词谁做主？Instagram屏蔽“Curvy”\",\"href\":\"http://www.36kr.com/p/5035604.html\"},{\"text\":\"叮当快药与春雨医生达成战略合作，从健康咨询到药品配送\",\"href\":\"http://www.36kr.com/p/5035597.html\"},{\"text\":\"K12 领域的共享经济，会是怎样的？\",\"href\":\"http://www.36kr.com/p/5035599.html\"},{\"text\":\"8点1氪：Evernote 换帅，汤臣倍健 6200 万战略入股大姨吗\",\"href\":\"http://www.36kr.com/p/5035600.html\"},{\"text\":\"俄罗斯投资家Yuri Milner宣布投入1亿美元用于寻找地外生命\",\"href\":\"http://www.36kr.com/p/5035595.html\"},{\"text\":\"“车轮互联”关勇：我们是怎么从做“车轮查违章”开始动念做驾考O2O的\",\"href\":\"http://www.36kr.com/p/5035596.html\"},{\"text\":\"【36氪·杭州】不止是明星，创业者也两岸三地了\",\"href\":\"http://www.36kr.com/p/5035591.html\"},{\"text\":\"走着旅行复盘发展策略：为什么做车导，为什么现在切入境外市场\",\"href\":\"http://www.36kr.com/p/5035592.html\"},{\"text\":\"【大公司晚报】定位年轻人的 ZUK 手机要上京东众筹；华为表示 1 亿手机出货量是小 Case\",\"href\":\"http://www.36kr.com/p/5035593.html\"},{\"text\":\"【新三板日报】做市指数延续周五行情涨势，成交额收缩\",\"href\":\"http://www.36kr.com/p/5035590.html\"},{\"text\":\"“如戏”，如何像Hackathon那样挖掘故事大咖？\",\"href\":\"http://www.36kr.com/p/5035587.html\"},{\"text\":\"【投融资笔记】校园 O2O “俺来也” 和女生好朋友“大姨吗”均宣布融资\",\"href\":\"http://www.36kr.com/p/5035589.html\"},{\"text\":\"“高拍”从视频社区切入，让普通白领们打好高尔夫\",\"href\":\"http://www.36kr.com/p/5035588.html\"},{\"text\":\"我们梳理了过去十年美国的风投数据，发现有些事不是我们想的那样\",\"href\":\"http://www.36kr.com/p/5035582.html\"},{\"text\":\"「一分钟产品」夜行侠也要注意安全，你需要智能骑行头盔Lumos\",\"href\":\"http://www.36kr.com/p/5035585.html\"},{\"text\":\"开启新一轮数千万元融资的艺客，要讲一个万亿家装市场的故事\",\"href\":\"http://www.36kr.com/p/5035586.html\"},{\"text\":\"美国FDA与Google搜索的化学反应\",\"href\":\"http://www.36kr.com/p/5035579.html\"}]','079925cf926e15b9d8f4006ba88b7971','2015-07-17 10:30:11'),(34,16,'[{\"text\":\"想创业，但一毛钱启动资金都没有？你或许可以试试YC Fellowship\",\"href\":\"http://www.36kr.com/p/5035606.html\"},{\"text\":\"GoPro 上线视频交易平台，要开始在内容上挣点钱了\",\"href\":\"http://www.36kr.com/p/5035605.html\"},{\"text\":\"OTC药品或全退出医保目录，医药产业链的巨大变革\",\"href\":\"http://www.36kr.com/p/5035601.html\"},{\"text\":\"网络敏感词谁做主？Instagram屏蔽“Curvy”\",\"href\":\"http://www.36kr.com/p/5035604.html\"},{\"text\":\"叮当快药与春雨医生达成战略合作，从健康咨询到药品配送\",\"href\":\"http://www.36kr.com/p/5035597.html\"},{\"text\":\"K12 领域的共享经济，会是怎样的？\",\"href\":\"http://www.36kr.com/p/5035599.html\"},{\"text\":\"8点1氪：Evernote 换帅，汤臣倍健 6200 万战略入股大姨吗\",\"href\":\"http://www.36kr.com/p/5035600.html\"},{\"text\":\"俄罗斯投资家Yuri Milner宣布投入1亿美元用于寻找地外生命\",\"href\":\"http://www.36kr.com/p/5035595.html\"},{\"text\":\"“车轮互联”关勇：我们是怎么从做“车轮查违章”开始动念做驾考O2O的\",\"href\":\"http://www.36kr.com/p/5035596.html\"},{\"text\":\"【36氪·杭州】不止是明星，创业者也两岸三地了\",\"href\":\"http://www.36kr.com/p/5035591.html\"},{\"text\":\"走着旅行复盘发展策略：为什么做车导，为什么现在切入境外市场\",\"href\":\"http://www.36kr.com/p/5035592.html\"},{\"text\":\"【大公司晚报】定位年轻人的 ZUK 手机要上京东众筹；华为表示 1 亿手机出货量是小 Case\",\"href\":\"http://www.36kr.com/p/5035593.html\"},{\"text\":\"【新三板日报】做市指数延续周五行情涨势，成交额收缩\",\"href\":\"http://www.36kr.com/p/5035590.html\"},{\"text\":\"“如戏”，如何像Hackathon那样挖掘故事大咖？\",\"href\":\"http://www.36kr.com/p/5035587.html\"},{\"text\":\"【投融资笔记】校园 O2O “俺来也” 和女生好朋友“大姨吗”均宣布融资\",\"href\":\"http://www.36kr.com/p/5035589.html\"},{\"text\":\"“高拍”从视频社区切入，让普通白领们打好高尔夫\",\"href\":\"http://www.36kr.com/p/5035588.html\"},{\"text\":\"我们梳理了过去十年美国的风投数据，发现有些事不是我们想的那样\",\"href\":\"http://www.36kr.com/p/5035582.html\"},{\"text\":\"「一分钟产品」夜行侠也要注意安全，你需要智能骑行头盔Lumos\",\"href\":\"http://www.36kr.com/p/5035585.html\"},{\"text\":\"开启新一轮数千万元融资的艺客，要讲一个万亿家装市场的故事\",\"href\":\"http://www.36kr.com/p/5035586.html\"},{\"text\":\"美国FDA与Google搜索的化学反应\",\"href\":\"http://www.36kr.com/p/5035579.html\"}]','079925cf926e15b9d8f4006ba88b7971','2015-07-17 10:30:14'),(35,18,'[{\"text\":\"当互联网成为空气，你久违的“网瘾”正在拥抱下一代\",\"href\":\"http://www.ifanr.com/543014?utm_source=rss&utm_medium=rss&utm_campaign=\"},{\"text\":\"专访吴俊斌：城市单车是年轻人的玩物，要让年轻人来做\",\"href\":\"http://www.ifanr.com/542696?utm_source=rss&utm_medium=rss&utm_campaign=\"},{\"text\":\"苹果手表早期用户满意度高达 97% | 爱范早读\",\"href\":\"http://www.ifanr.com/543093?utm_source=rss&utm_medium=rss&utm_campaign=\"},{\"text\":\"这个团队的最大项目，是让你在手柄上扮演蝙蝠侠\",\"href\":\"http://www.ifanr.com/543057?utm_source=rss&utm_medium=rss&utm_campaign=\"},{\"text\":\"这是奇酷大神 note 3 的千元指纹机时代？\",\"href\":\"http://www.ifanr.com/542987?utm_source=rss&utm_medium=rss&utm_campaign=\"},{\"text\":\"别忙着关注 Note5 了，先来看看三星的全球最薄平板吧\",\"href\":\"http://www.ifanr.com/542875?utm_source=rss&utm_medium=rss&utm_campaign=\"},{\"text\":\"高通骁龙 820 比起骁龙 810 强在哪儿？\",\"href\":\"http://www.ifanr.com/542882?utm_source=rss&utm_medium=rss&utm_campaign=\"},{\"text\":\"这张橡木长桌竟然是不插电的空调\",\"href\":\"http://www.ifanr.com/542849?utm_source=rss&utm_medium=rss&utm_campaign=\"},{\"text\":\"【iSeed】花臂少年与他的电动滑板，不是鞋\",\"href\":\"http://www.ifanr.com/542930?utm_source=rss&utm_medium=rss&utm_campaign=\"},{\"text\":\"app 说，你好像不是很开心的样子\",\"href\":\"http://www.ifanr.com/542905?utm_source=rss&utm_medium=rss&utm_campaign=\"},{\"text\":\"索尼做的虚拟现实头盔，和其他家有什么区别？\",\"href\":\"http://www.ifanr.com/542780?utm_source=rss&utm_medium=rss&utm_campaign=\"},{\"text\":\"Windows 10 让 Xbox One 游戏跑在了 PC 上\",\"href\":\"http://www.ifanr.com/542716?utm_source=rss&utm_medium=rss&utm_campaign=\"},{\"text\":\"这款卡片大小的手机，有着恐怖的续航时间\",\"href\":\"http://www.ifanr.com/542714?utm_source=rss&utm_medium=rss&utm_campaign=\"},{\"text\":\"福特的这个小发明，能够发现黑暗中的行人\",\"href\":\"http://www.ifanr.com/542743?utm_source=rss&utm_medium=rss&utm_campaign=\"},{\"text\":\"花 500 块，体验一次全机器人打理的酒店服务\",\"href\":\"http://www.ifanr.com/542748?utm_source=rss&utm_medium=rss&utm_campaign=\"}]','10452db3df31b59dfee3143a886e9b93','2015-07-17 10:30:16'),(36,23,'[{\"text\":\"搞砸了谷歌眼镜的Google X，有一位高管成了Evernote的新CEO\",\"href\":\"http://www.huxiu.com/article/120860/1.html?f=wangzhan\"},{\"text\":\"麻烦缠身的京东：成长烦恼or中年危机？\",\"href\":\"http://www.huxiu.com/article/120857/1.html?f=wangzhan\"},{\"text\":\"移动、电信4G新战略PK，对终端、设备、芯片等产业链企业将产生怎样的影响？\",\"href\":\"http://www.huxiu.com/article/120852/1.html?f=wangzhan\"},{\"text\":\"暴风科技冯鑫，三次质押一并披露，疑似被迫补充质押物\",\"href\":\"http://www.huxiu.com/article/120854/1.html?f=wangzhan\"}]','de1becee0c20ca45de65ff00059a85ff','2015-07-17 10:30:17'),(37,24,'[{\"text\":\"中国联通用户连续5个月下降，竟怪FDD牌照发放晚了\",\"href\":\"http://www.leiphone.com/news/201507/CnezxeTeARsd9iD3.html\"},{\"text\":\"一个“豪们基金”的诞生！\",\"href\":\"http://www.leiphone.com/news/201507/GcJiSufi1cxwwuQA.html\"},{\"text\":\"格力手机只卖了几万部，董明珠也心虚了\",\"href\":\"http://www.leiphone.com/news/201507/eJia9cG0Ktyf7han.html\"},{\"text\":\"营收仍在下降 黑莓裁员停不下来\",\"href\":\"http://www.leiphone.com/news/201507/EBvq1aP6CZBiYGzY.html\"},{\"text\":\"SpaceX查明火箭爆炸原因，一根豆腐渣支架导致\",\"href\":\"http://www.leiphone.com/news/201507/DrMeyZnN5Chq95nn.html\"},{\"text\":\"「唯物」做一只蓝牙耳机，让人们不再需要掏出手机聊微信\",\"href\":\"http://www.leiphone.com/news/201507/Sb6YsMjmzI6oB1Jr.html\"},{\"text\":\"17秒，你就能在家检测祖传染色体啦！\",\"href\":\"http://www.leiphone.com/news/201507/hxiM6tvNtEAkw5yu.html\"},{\"text\":\"深圳零度是大疆唯一的竞争对手吗？\",\"href\":\"http://www.leiphone.com/news/201507/PMMpzctbg9deeqAh.html\"},{\"text\":\"偷情网站被黑，你颤抖了吗？\",\"href\":\"http://www.leiphone.com/news/201507/X10zZto2XZFwd6hy.html\"},{\"text\":\"因为名字太特别，Instagram用户账号被封\",\"href\":\"http://www.leiphone.com/news/201507/ThrN9LtiDNrzRyIh.html\"},{\"text\":\"这个万能支架，吓死宝宝了！\",\"href\":\"http://www.leiphone.com/news/201507/nYHhtckksYSL0E4n.html\"},{\"text\":\"苹果汽车要来了？前菲亚特质量总监加盟苹果\",\"href\":\"http://www.leiphone.com/news/201507/XOxERZWfUmj57nuc.html\"},{\"text\":\"敢跟BAT抢肉吃，iBeacon创业都经历了什么？\",\"href\":\"http://www.leiphone.com/news/201507/qb2oIhNXuZHmrMCz.html\"},{\"text\":\"这个超大“移动电源”，能解决电动车充电问题\",\"href\":\"http://www.leiphone.com/news/201507/464CcB5pH6iGzX1R.html\"},{\"text\":\"你为何要升级到Win 10之开始菜单篇\",\"href\":\"http://www.leiphone.com/news/201507/8Wu5vbHRiiv7fN2k.html\"},{\"text\":\"智能骑行领域创业公司野兽骑行获 5000 万 A 轮融资\",\"href\":\"http://www.leiphone.com/news/201507/asbytkoKPGaG43M0.html\"},{\"text\":\"老罗的放手一搏，你们看懂了吗？\",\"href\":\"http://www.leiphone.com/news/201507/HVs1mEJPpL3yqROE.html\"},{\"text\":\"微软推送临时紧急更新，涉及Windows7/8.1\",\"href\":\"http://www.leiphone.com/news/201507/GYxtaVKiykslxFHM.html\"},{\"text\":\"谷歌社交成鸡肋？Google+照片功能8月关闭\",\"href\":\"http://www.leiphone.com/news/201507/xar1Uehl6mUHD2pC.html\"},{\"text\":\"Windows 10 Cortana不只是一个语音助手，更像是你的朋友\",\"href\":\"http://www.leiphone.com/news/201507/lJQJbOZjb0oJVH9h.html\"}]','4f746f0bb634f8cd5cf73f40a24a2657','2015-07-17 10:30:21'),(38,37,'[{\"text\":\"水蝇沉不了，因为有纳米毛\",\"href\":\"http://jandan.net/2015/07/21/legs-repel-water.html\"},{\"text\":\"[史海钩沉]60年前迪斯尼乐园的盛大开幕式\",\"href\":\"http://jandan.net/2015/07/21/disneyland-opening.html\"},{\"text\":\"偷乘飞机坠机的可能性有多大？\",\"href\":\"http://jandan.net/2015/07/21/stowaways-fall.html\"},{\"text\":\"加纳寡妇悲惨现状：被迫与丈夫尸体同眠\",\"href\":\"http://jandan.net/2015/07/21/ghanas-widows.html\"},{\"text\":\"十大成功刻画人工智能的电影\",\"href\":\"http://jandan.net/2015/07/21/artificial-intelligence-movies.html\"},{\"text\":\"很甜很美味：脑袋棒糖\",\"href\":\"http://jandan.net/2015/07/21/head-chocolate.html\"},{\"text\":\"患癌症的四岁女孩与她最喜爱的护士“结婚”了\",\"href\":\"http://jandan.net/2015/07/21/girl-marries-nurse.html\"},{\"text\":\"[西班牙]小镇全体午休3小时，官方规定的\",\"href\":\"http://jandan.net/2015/07/21/official-afternoon-nap.html\"},{\"text\":\"安全警示：跟动物交配会增加患阴茎癌的风险\",\"href\":\"http://jandan.net/2015/07/21/sex-bestiality-cancer.html\"},{\"text\":\"[墨西哥]男婴生殖器被错当成脐带，差点被剪掉\",\"href\":\"http://jandan.net/2015/07/21/mistakenly-slice-penis.html\"}]','3f145840fb82d1ff279402622eb7a4a9','2015-07-17 10:30:22');
/*!40000 ALTER TABLE `target_mapping` ENABLE KEYS */;
UNLOCK TABLES;

--
-- Table structure for table `target_point`
--

DROP TABLE IF EXISTS `target_point`;
/*!40101 SET @saved_cs_client     = @@character_set_client */;
/*!40101 SET character_set_client = utf8 */;
CREATE TABLE `target_point` (
  `id` bigint(11) NOT NULL AUTO_INCREMENT,
  `user_id` bigint(11) NOT NULL,
  `name` varchar(45) NOT NULL COMMENT '目标名称',
  `url` varchar(512) NOT NULL COMMENT '目标所在url',
  `abs_xpath` varchar(255) DEFAULT NULL COMMENT '绝对xpath',
  `rel_xpath` varchar(255) DEFAULT NULL COMMENT '相对xpath',
  `regex` varchar(128) DEFAULT NULL COMMENT '目标元素的正则分析',
  `parent_id` bigint(20) DEFAULT NULL,
  `md5` varchar(128) DEFAULT NULL COMMENT '目标的md5值，用来判定是否更新',
  `isRss` tinyint(1) DEFAULT NULL COMMENT '目标是否是rss资源',
  `status` varchar(45) NOT NULL COMMENT '目标状态，正常、隐藏',
  `create_time` bigint(20) DEFAULT NULL,
  PRIMARY KEY (`id`),
  UNIQUE KEY `id_UNIQUE` (`id`),
  KEY `fk_target_point_user` (`user_id`),
  KEY `idx_url` (`url`(255)),
  KEY `idx_url__rel_xpath` (`url`(255),`rel_xpath`),
  KEY `idx_tp_parent_id` (`parent_id`),
  KEY `idx_tp_status` (`status`)
) ENGINE=InnoDB AUTO_INCREMENT=38 DEFAULT CHARSET=utf8;
/*!40101 SET character_set_client = @saved_cs_client */;

--
-- Dumping data for table `target_point`
--

LOCK TABLES `target_point` WRITE;
/*!40000 ALTER TABLE `target_point` DISABLE KEYS */;
INSERT INTO `target_point` VALUES (1,1,'36氪','http://www.36kr.com/feed',NULL,NULL,NULL,NULL,NULL,1,'REGULAR',NULL),(2,1,'CSDM 业界','http://articles.csdn.net/api/rss.php?tid=1008',NULL,NULL,NULL,NULL,NULL,1,'REGULAR',NULL),(3,1,'新浪要闻','http://news.sina.com.cn/','/HTML/BODY[1]/DIV[5]/DIV[8]/DIV[2]/DIV[1]/DIV[2]','//*[@id=\"syncad_1\"]',NULL,NULL,'78833329b458e616cebfa2cb0dd7a015',0,'REGULAR',NULL),(4,1,'腾讯要闻','http://www.qq.com/','/HTML/BODY[1]/DIV[7]/DIV[1]/DIV[1]/DIV[1]/DIV[2]/DIV[1]/DIV[1]/UL[2]','//*[@id=\"news2\"]',NULL,NULL,'98166bee67bbf69fe678359053617da5',0,'REGULAR',NULL),(5,4,'新浪要闻','http://news.sina.com.cn/','/HTML/BODY[1]/DIV[6]/DIV[8]/DIV[2]/DIV[1]/DIV[2]','//*[@id=\"syncad_1\"]',NULL,NULL,'78833329b458e616cebfa2cb0dd7a015',0,'REGULAR',NULL),(7,6,'36kr','http://www.36kr.com/feed/',NULL,NULL,NULL,NULL,NULL,1,'REGULAR',NULL),(8,4,'新浪内地','http://news.sina.com.cn/','/HTML/BODY[1]/DIV[6]/DIV[9]/DIV[2]/DIV[2]/DIV[1]/UL[1]','//*[@id=\"blk_gnxw_011\"]',NULL,NULL,'78833329b458e616cebfa2cb0dd7a015',0,'REGULAR',NULL),(10,1,'煎蛋最新更新','http://jandan.net/new','/HTML/BODY[1]/DIV[1]/DIV[2]/DIV[1]','//*[@id=\"content\"]',NULL,NULL,'33411e6170a50df74ff3bce7b4430d57',0,'REGULAR',NULL),(11,4,'新浪科技要闻','http://tech.sina.com.cn/','/HTML/BODY[1]/DIV[10]/DIV[1]/DIV[1]/DIV[1]/DIV[1]/DIV[2]/DIV[1]/DIV[1]/DIV[1]','//*[@id=\"impNews1\"]',NULL,NULL,'96252466603bb12433936e15071fc04d',0,'REGULAR',NULL),(13,4,'新浪财经','http://finance.sina.com.cn/','/HTML/BODY[1]/DIV[4]/DIV[6]/DIV[2]/DIV[1]/DIV[3]','//*[@id=\"fin_tabs0_c0\"]',NULL,NULL,'958cc174fa89753ec5aef272d89ffb42',0,'REGULAR',NULL),(15,4,'36kr','http://www.36kr.com/feed',NULL,NULL,NULL,NULL,'ecc783bc2fc1f122a6e60062ca00fa79',1,'REGULAR',NULL),(16,8,'36氪','http://www.36kr.com/feed',NULL,NULL,NULL,NULL,NULL,1,'REGULAR',NULL),(18,8,'爱范儿','http://www.ifanr.com/feed',NULL,NULL,NULL,NULL,NULL,1,'REGULAR',NULL),(20,8,'新浪要闻','http://news.sina.com.cn/','/HTML/BODY[1]/DIV[6]/DIV[8]/DIV[2]/DIV[1]/DIV[2]','//*[@id=\"syncad_1\"]',NULL,NULL,'78833329b458e616cebfa2cb0dd7a015',0,'REGULAR',NULL),(22,12,'新浪要闻','http://news.sina.com.cn/','/HTML/BODY[1]/DIV[9]/DIV[8]/DIV[2]/DIV[1]/DIV[2]','//*[@id=\"syncad_1\"]',NULL,NULL,'78833329b458e616cebfa2cb0dd7a015',0,'REGULAR',NULL),(23,21,'虎嗅','http://www.huxiu.com/rss/0.xml ',NULL,NULL,NULL,NULL,NULL,1,'REGULAR',NULL),(24,21,'雷锋网','http://www.leiphone.com/feed',NULL,NULL,NULL,NULL,'06e94db0d5af6a83296493f5baa2cfdc',1,'REGULAR',NULL),(30,4,'美联社-中国','http://big5.ftchinese.com/channel/china.html',NULL,'//*[@id=\"body-content-col\"]',NULL,NULL,'d50a57b31a6b61bbdc4fd9d2d0ccd7fb',0,'REGULAR',NULL),(31,4,'dota2综合新闻','http://www.dota2.com.cn/news/index.htm',NULL,'//*[@class=\"hd_li\"]',NULL,NULL,'3ceeaf71d6994b6631c74b002727299b',0,'REGULAR',NULL),(34,4,'新浪dota2','http://roll.games.sina.com.cn/dota2_zq/xwzx2/index.shtml',NULL,'//*[@class=\"ListList\"]',NULL,NULL,'4c0cc180301202a9bfc0ad2c3e7e703d',0,'REGULAR',NULL),(35,4,'cnBeta','http://m.cnbeta.com/list_latest_1.htm',NULL,'//*[@class=\"module\"]',NULL,NULL,'bb241b7427c8dbc8d21b3882a286421e',0,'REGULAR',NULL),(37,4,'煎蛋','http://jandan.net/feed',NULL,NULL,NULL,NULL,'62ea67dcca14c9d8368ef5e2b6de86ca',1,'REGULAR',NULL);
/*!40000 ALTER TABLE `target_point` ENABLE KEYS */;
UNLOCK TABLES;

--
-- Table structure for table `user`
--

DROP TABLE IF EXISTS `user`;
/*!40101 SET @saved_cs_client     = @@character_set_client */;
/*!40101 SET character_set_client = utf8 */;
CREATE TABLE `user` (
  `id` bigint(11) NOT NULL AUTO_INCREMENT,
  `name` varchar(45) NOT NULL,
  `password` varchar(45) NOT NULL,
  `email` varchar(45) NOT NULL,
  `sex` varchar(45) NOT NULL,
  `photo` varchar(255) NOT NULL,
  `talking` varchar(255) DEFAULT NULL,
  `status` varchar(45) NOT NULL,
  `code` varchar(255) NOT NULL,
  `registerDate` date DEFAULT NULL,
  PRIMARY KEY (`id`),
  UNIQUE KEY `id_UNIQUE` (`id`)
) ENGINE=InnoDB AUTO_INCREMENT=24 DEFAULT CHARSET=utf8;
/*!40101 SET character_set_client = @saved_cs_client */;

--
-- Dumping data for table `user`
--

LOCK TABLES `user` WRITE;
/*!40000 ALTER TABLE `user` DISABLE KEYS */;
INSERT INTO `user` VALUES (4,'gklifg','96e79218965eb72c92a549dd5a330112','gklifg@126.com','MALE','img/auto_photo.png',NULL,'REGULAR','YDPhtgInfyOQa6Xb7m4eH543YC1SqipI29LL/YZgJlppBbvXoZJVpo21APSMzIc2Zw9d+pbG1ck=','2014-02-21'),(6,'hr','d2c5f9f70b78877f0ffd66bca54bbc1e','hr@yidian-inc.com','MALE','img/auto_photo.png',NULL,'REGULAR','/lB4v97X+WRKu33r0bjE5hc7WCefzeWYrQwJU0KDoGOdXDQIXMqP+tSK6wmKE1BeUyPPWEzGATQ=','2014-02-24'),(7,'releasemj','e10adc3949ba59abbe56e057f20f883e','releasemj@qq.com','MALE','img/auto_photo.png',NULL,'REGULAR','/lB4v97X+WRAgXGa4A6Z1bQ+byjKecC+8iuXwWGMWhGqOUBLcN/crvXKLrCiikD6KQP1rjxGW4E=','2014-02-24'),(8,'gklifg','3b774fe4f5d86e9b112789a2708e1e91','gklifg@163.com','MALE','img/auto_photo.png',NULL,'REGULAR','/lB4v97X+WSUIhpI7tqgbbgq83FdIQvWNc6iTtiJQ9F5PrPfkjmBGPn+ge4t15KSz2FBdzgd7eA=','2014-06-05'),(10,'sklxz','3b774fe4f5d86e9b112789a2708e1e91','sklxz@qq.com','MALE','img/auto_photo.png',NULL,'REGULAR','/lB4v97X+WR6kRg66YKmF8+tEuiQ1Xp/ogoQt9KFCAuhdH3dUemKWr6iiCmSSiNx','2014-06-05'),(12,'tjgdxs','61aefd05e32f5b38c356b4fe5530cfd7','tjgdxs@qq.com','MALE','img/auto_photo.png',NULL,'REGULAR','/lB4v97X+WTWY/lAKJW2ejAqZT/CKjYskixroExcd1nLJGi3tfRd6rrU6pf8nzawK4MoXezon0o=','2014-06-05'),(14,'david','9925c4f0b140937b09ee715eeefef699','david@lagou.com','MALE','img/auto_photo.png',NULL,'REGULAR','/lB4v97X+WTlXW0jf45uf3UGNwsZOP/a2yMuAPotgS+cfGVI+2eiwiqyOpmh58qnzQbKQHt7xqo=','2014-06-07'),(21,'lifeng.gao','96e79218965eb72c92a549dd5a330112','lifeng.gao@moji.com','MALE','img/auto_photo.png',NULL,'REGULAR','l/VsUavN60FB2NB68mZdu7JdMSP6aFFfK10cmSZDC5Or8rWGhVtptmQQJKN0Upo1ESxVEi7i72U=','2014-12-23'),(23,'lifeng.gao','96e79218965eb72c92a549dd5a330112','lifeng.gao@mojichina.com','MALE','img/auto_photo.png',NULL,'REGULAR','l/VsUavN60FB2NB68mZdu7JdMSP6aFFf946amxaNTxnHxMLlg1hs4au+/dn/2EcIb6bkmq/DN/M=','2015-07-07');
/*!40000 ALTER TABLE `user` ENABLE KEYS */;
UNLOCK TABLES;

--
-- Table structure for table `xpath_maping`
--

DROP TABLE IF EXISTS `xpath_maping`;
/*!40101 SET @saved_cs_client     = @@character_set_client */;
/*!40101 SET character_set_client = utf8 */;
CREATE TABLE `xpath_maping` (
  `id` int(11) NOT NULL AUTO_INCREMENT,
  `url` varchar(512) DEFAULT NULL,
  `xpath` varchar(255) DEFAULT NULL,
  PRIMARY KEY (`id`),
  UNIQUE KEY `id_UNIQUE` (`id`)
) ENGINE=InnoDB DEFAULT CHARSET=utf8;
/*!40101 SET character_set_client = @saved_cs_client */;

--
-- Dumping data for table `xpath_maping`
--

LOCK TABLES `xpath_maping` WRITE;
/*!40000 ALTER TABLE `xpath_maping` DISABLE KEYS */;
/*!40000 ALTER TABLE `xpath_maping` ENABLE KEYS */;
UNLOCK TABLES;
/*!40103 SET TIME_ZONE=@OLD_TIME_ZONE */;

/*!40101 SET SQL_MODE=@OLD_SQL_MODE */;
/*!40014 SET FOREIGN_KEY_CHECKS=@OLD_FOREIGN_KEY_CHECKS */;
/*!40014 SET UNIQUE_CHECKS=@OLD_UNIQUE_CHECKS */;
/*!40101 SET CHARACTER_SET_CLIENT=@OLD_CHARACTER_SET_CLIENT */;
/*!40101 SET CHARACTER_SET_RESULTS=@OLD_CHARACTER_SET_RESULTS */;
/*!40101 SET COLLATION_CONNECTION=@OLD_COLLATION_CONNECTION */;
/*!40111 SET SQL_NOTES=@OLD_SQL_NOTES */;

-- Dump completed on 2015-07-17 18:34:12
